timestamp,slice,q10_bytes,q50_bytes,q90_bytes,q10_mbps,q50_mbps,q90_mbps
2024-07-10 16:00:00,URLLC,0.0,7681.891661978847,332561.02467396867,0.0,0.00010242522215971796,0.004434146995652915
2024-07-10 16:00:00,URLLC_eMBB_MIX,191776.3274219796,5325794.03897642,15351175.152581116,0.002557017698959728,0.07101058718635227,0.2046823353677482
2024-07-10 16:00:00,eMBB,32734389.227593828,100670896.80520718,1397135319.8560264,0.4364585230345844,1.342278624069429,18.628470931413684
2024-07-10 16:00:00,mMTC,4551.830124027999,40579.43215649186,234989.08699690632,6.069106832037332e-05,0.0005410590954198914,0.0031331878266254174
2024-07-10 16:10:00,URLLC,0.0,6035.435498201508,703878.8389895732,0.0,8.047247330935345e-05,0.009385051186527642
2024-07-10 16:10:00,URLLC_eMBB_MIX,122808.0817052204,4599066.471088262,16849327.83523696,0.0016374410894029385,0.06132088628117683,0.22465770446982614
2024-07-10 16:10:00,eMBB,716374.0838586111,43757000.61941407,1428426701.8911424,0.009551654451448148,0.5834266749255209,19.045689358548568
2024-07-10 16:10:00,mMTC,3513.6879064990685,45075.670982741576,221036.46155384262,4.684917208665425e-05,0.0006010089464365543,0.002947152820717902
2024-07-10 16:20:00,URLLC,0.0,3152.211990024642,464885.13023592613,0.0,4.202949320032856e-05,0.006198468403145682
2024-07-10 16:20:00,URLLC_eMBB_MIX,170304.2024199273,4834377.669677577,107273548.69089806,0.002270722698932364,0.06445836892903437,1.4303139825453073
2024-07-10 16:20:00,eMBB,14302410.183379956,137226203.24384886,1824501020.0307605,0.19069880244506607,1.8296827099179849,24.326680267076807
2024-07-10 16:20:00,mMTC,4438.5049569442635,35327.445416732284,204197.26568029416,5.918006609259018e-05,0.00047103260555643044,0.002722630209070589
2024-07-10 16:30:00,URLLC,0.0,5739.157316440876,757396.1919677153,0.0,7.6522097552545e-05,0.01009861589290287
2024-07-10 16:30:00,URLLC_eMBB_MIX,135160.8103824862,5901468.611508108,23865461.25750161,0.0018021441384331494,0.07868624815344144,0.31820615010002146
2024-07-10 16:30:00,eMBB,1082712.8318209406,113933623.13789226,1634172865.5581234,0.014436171090945873,1.5191149751718969,21.78897154077498
2024-07-10 16:30:00,mMTC,3523.7495635830896,37215.926454078784,238948.88605271393,4.698332751444119e-05,0.0004962123527210505,0.003185985147369519
2024-07-10 16:40:00,URLLC,0.0,6636.171098070315,503888.5950332824,0.0,8.84822813076042e-05,0.006718514600443766
2024-07-10 16:40:00,URLLC_eMBB_MIX,129148.72752543382,6012077.344247579,16775619.745462343,0.0017219830336724507,0.08016103125663437,0.2236749299394979
2024-07-10 16:40:00,eMBB,5139505.121191995,33796459.047017746,1336484016.4661887,0.0685267349492266,0.4506194539602366,17.81978688621585
2024-07-10 16:40:00,mMTC,3044.739194810268,42088.65247726642,249855.68946790748,4.059652259747024e-05,0.0005611820330302189,0.003331409192905433
2024-07-10 16:50:00,URLLC,0.0,4743.898927086169,565959.8703573812,0.0,6.325198569448226e-05,0.007546131604765083
2024-07-10 16:50:00,URLLC_eMBB_MIX,195560.35990809786,4685367.415832986,15633318.570476072,0.0026074714654413045,0.06247156554443981,0.20844424760634764
2024-07-10 16:50:00,eMBB,17404034.45992325,219197457.34539154,1363118224.7499423,0.23205379279897664,2.9226327646052206,18.174909663332564
2024-07-10 16:50:00,mMTC,4615.93542580252,41008.60130376322,220391.10489277463,6.154580567736693e-05,0.000546781350716843,0.002938548065236995
2024-07-10 17:00:00,URLLC,0.0,5166.098768010608,491443.4042502648,0.0,6.888131690680811e-05,0.006552578723336863
2024-07-10 17:00:00,URLLC_eMBB_MIX,147126.41439008285,4130598.448477685,22282943.98852823,0.0019616855252011047,0.05507464597970246,0.29710591984704304
2024-07-10 17:00:00,eMBB,1566908.4486168844,88891749.49088755,1894978246.5469978,0.020892112648225124,1.1852233265451675,25.266376620626637
2024-07-10 17:00:00,mMTC,3459.3337151308515,30537.317456472367,193785.62956119058,4.612444953507802e-05,0.0004071642327529649,0.0025838083941492076
2024-07-10 17:10:00,URLLC,0.0,5822.9260583245705,405857.41565786814,0.0,7.763901411099427e-05,0.005411432208771575
2024-07-10 17:10:00,URLLC_eMBB_MIX,133594.10204635386,5119927.797716988,85397349.30137464,0.0017812546939513848,0.06826570396955985,1.1386313240183288
2024-07-10 17:10:00,eMBB,32361134.6420614,49661734.16393543,2016892901.3771412,0.43148179522748537,0.662156455519139,26.89190535169522
2024-07-10 17:10:00,mMTC,2883.4128748871335,50031.15828245764,256624.8500704022,3.844550499849511e-05,0.0006670821104327686,0.003421664667605363
2024-07-10 17:20:00,URLLC,0.0,13618.111566162634,746165.8812215488,0.0,0.00018157482088216844,0.009948878416287317
2024-07-10 17:20:00,URLLC_eMBB_MIX,240701.6908758222,5882345.819273593,21549254.60264524,0.0032093558783442963,0.07843127759031457,0.2873233947019365
2024-07-10 17:20:00,eMBB,5293671.439194336,47958185.615729816,2235933640.236735,0.07058228585592448,0.6394424748763975,29.8124485364898
2024-07-10 17:20:00,mMTC,4541.7784532381675,42249.1411115621,251524.15901307264,6.055704604317557e-05,0.0005633218814874947,0.003353655453507635
2024-07-10 17:30:00,URLLC,0.0,6763.595690765865,710192.4022128542,0.0,9.01812758768782e-05,0.009469232029504723
2024-07-10 17:30:00,URLLC_eMBB_MIX,130386.87434392248,5460907.01639998,568972581.0069994,0.0017384916579189665,0.07281209355199973,7.5863010800933255
2024-07-10 17:30:00,eMBB,1665531.2536114366,38849869.29513104,1335458498.6864886,0.02220708338148582,0.5179982572684139,17.806113315819847
2024-07-10 17:30:00,mMTC,4843.743937186609,39144.28605409077,257230.59340889682,6.458325249582145e-05,0.0005219238140545436,0.003429741245451958
2024-07-10 17:40:00,URLLC,0.0,9857.665441782188,572090.7624121612,0.0,0.00013143553922376252,0.0076278768321621495
2024-07-10 17:40:00,URLLC_eMBB_MIX,181172.28835728185,6288755.582329671,80526209.120723,0.0024156305114304247,0.08385007443106228,1.0736827882763065
2024-07-10 17:40:00,eMBB,1522413.0871665857,39611741.838650845,1698625869.5306616,0.02029884116222114,0.528156557848678,22.648344927075488
2024-07-10 17:40:00,mMTC,6978.714267036474,56716.52636341827,303421.26754623913,9.304952356048632e-05,0.0007562203515122436,0.004045616900616522
2024-07-10 17:50:00,URLLC,0.0,7724.329246668072,1183131.5348515061,0.0,0.00010299105662224096,0.015775087131353414
2024-07-10 17:50:00,URLLC_eMBB_MIX,288746.309781789,4510332.330293328,10966777.521751944,0.0038499507970905203,0.06013776440391103,0.1462237002900259
2024-07-10 17:50:00,eMBB,1156364.6130056712,366343568.8980928,1831934134.913916,0.015418194840075616,4.8845809186412374,24.42578846551888
2024-07-10 17:50:00,mMTC,3791.096949927608,36780.41768481255,244255.7422633056,5.054795933236811e-05,0.000490405569130834,0.0032567432301774083
2024-07-10 18:00:00,URLLC,0.0,4857.551171979067,404719.78863614216,0.0,6.476734895972089e-05,0.005396263848481895
2024-07-10 18:00:00,URLLC_eMBB_MIX,181592.3284892379,5407001.073680202,22159927.704228025,0.0024212310465231723,0.07209334764906936,0.2954657027230403
2024-07-10 18:00:00,eMBB,1970861.6578824075,51617980.74682325,1530563784.3864224,0.0262781554384321,0.6882397432909767,20.407517125152296
2024-07-10 18:00:00,mMTC,6150.360118166126,47148.00234353755,237112.69043521912,8.200480157554834e-05,0.0006286400312471673,0.0031615025391362552
2024-07-10 18:10:00,URLLC,0.0,13786.888776189071,575537.4064752543,0.0,0.00018382518368252097,0.0076738320863367245
2024-07-10 18:10:00,URLLC_eMBB_MIX,194626.62555176477,4889782.042024612,28944473.996726874,0.00259502167402353,0.0651970938936615,0.38592631995635834
2024-07-10 18:10:00,eMBB,2851844.1310787885,85887156.22390614,2079311999.7074542,0.03802458841438385,1.1451620829854154,27.72415999609939
2024-07-10 18:10:00,mMTC,1510.001974200784,30198.208224872666,206227.01255154962,2.013335965601045e-05,0.00040264277633163557,0.002749693500687328
2024-07-10 18:20:00,URLLC,0.0,3734.0375667664853,377720.55305544124,0.0,4.978716755688647e-05,0.005036274040739217
2024-07-10 18:20:00,URLLC_eMBB_MIX,154024.8774105921,5558124.457702969,97641450.40308367,0.002053665032141228,0.07410832610270625,1.3018860053744488
2024-07-10 18:20:00,eMBB,388167.342818897,105944048.40470465,1314043267.3863468,0.005175564570918626,1.4125873120627286,17.520576898484624
2024-07-10 18:20:00,mMTC,1814.7920145354772,35585.582569521874,205793.80046860964,2.419722686047303e-05,0.0004744744342602917,0.0027439173395814617
2024-07-10 18:30:00,URLLC,0.0,8403.473739834091,655534.1290641989,0.0,0.00011204631653112122,0.008740455054189319
2024-07-10 18:30:00,URLLC_eMBB_MIX,152905.2726398312,5243365.638673111,47189075.30979668,0.002038736968531083,0.06991154184897481,0.6291876707972891
2024-07-10 18:30:00,eMBB,18340306.443878565,65067760.45139311,2000057125.5377975,0.24453741925171418,0.8675701393519081,26.667428340503964
2024-07-10 18:30:00,mMTC,2942.8985038505552,35122.31923846378,209567.10942101578,3.92386467180074e-05,0.00046829758984618373,0.002794228125613544
2024-07-10 18:40:00,URLLC,0.0,7874.897472084135,617127.6795764323,0.0,0.0001049986329611218,0.008228369061019097
2024-07-10 18:40:00,URLLC_eMBB_MIX,132201.78770903527,4352113.94609029,15919586.312125344,0.001762690502787137,0.058028185947870535,0.2122611508283379
2024-07-10 18:40:00,eMBB,1464679.9207716738,45170309.47662537,1481181615.1319997,0.019529065610288984,0.6022707930216716,19.74908820176
2024-07-10 18:40:00,mMTC,760.1429770673249,26173.109236598473,237630.4061047056,1.0135239694230998e-05,0.000348974789821313,0.003168405414729408
2024-07-10 18:50:00,URLLC,0.0,8842.778380359685,692002.0838671365,0.0,0.00011790371173812913,0.00922669445156182
2024-07-10 18:50:00,URLLC_eMBB_MIX,129679.07032389056,4970378.3157975795,29046025.121514607,0.0017290542709852074,0.06627171087730105,0.3872803349535281
2024-07-10 18:50:00,eMBB,3985968.429127452,123358750.10101852,1583840554.1282403,0.053146245721699355,1.644783334680247,21.117874055043206
2024-07-10 18:50:00,mMTC,2361.432424633,34227.56080499199,248492.13311620246,3.148576566177334e-05,0.00045636747739989317,0.0033132284415493657
2024-07-10 19:00:00,URLLC,0.0,5319.261613729103,402576.34044561,0.0,7.092348818305472e-05,0.0053676845392748
2024-07-10 19:00:00,URLLC_eMBB_MIX,157664.7637888517,5969602.914891009,31632302.523087844,0.0021021968505180225,0.07959470553188012,0.4217640336411712
2024-07-10 19:00:00,eMBB,2303945.6052071117,93865074.66604635,1707980636.7288363,0.030719274736094822,1.251534328880618,22.773075156384483
2024-07-10 19:00:00,mMTC,6994.978816945664,37793.065169589565,217564.5701729923,9.326638422594218e-05,0.0005039075355945275,0.0029008609356398975
2024-07-10 19:10:00,URLLC,0.0,41563.550939877794,397515.71613109927,0.0,0.0005541806791983707,0.005300209548414657
2024-07-10 19:10:00,URLLC_eMBB_MIX,145466.34750632153,6231796.203330884,25869993.700598747,0.0019395513000842871,0.08309061604441179,0.34493324934131664
2024-07-10 19:10:00,eMBB,5222247.942712323,43478655.48111361,1558056400.3250754,0.06962997256949764,0.5797154064148482,20.77408533766767
2024-07-10 19:10:00,mMTC,3759.6851517962523,33966.32173921058,259620.2223004716,5.0129135357283366e-05,0.000452884289856141,0.003461602964006288
2024-07-10 19:20:00,URLLC,0.0,6794.765875094695,393531.2639038955,0.0,9.059687833459593e-05,0.005247083518718607
2024-07-10 19:20:00,URLLC_eMBB_MIX,215628.67259790783,5710195.043626095,14927141.97846677,0.0028750489679721047,0.0761359339150146,0.19902855971289027
2024-07-10 19:20:00,eMBB,7933620.730175441,128573817.54627225,2003629642.4661798,0.10578160973567255,1.71431756728363,26.715061899549063
2024-07-10 19:20:00,mMTC,2969.19400453332,32278.28112089984,234585.22836510174,3.9589253393777596e-05,0.0004303770816119979,0.0031278030448680235
2024-07-10 19:30:00,URLLC,0.0,5572.515836169796,394218.1207820732,0.0,7.430021114893062e-05,0.0052562416104276425
2024-07-10 19:30:00,URLLC_eMBB_MIX,142254.20105114716,5608871.503851763,41817027.26106624,0.0018967226806819622,0.07478495338469017,0.5575603634808832
2024-07-10 19:30:00,eMBB,3322537.132433226,57633460.89535517,1397411303.967489,0.044300495099109674,0.7684461452714023,18.63215071956652
2024-07-10 19:30:00,mMTC,4036.152137229463,34260.963822932106,203064.6048678982,5.381536182972617e-05,0.00045681285097242807,0.0027075280649053093
2024-07-10 19:40:00,URLLC,0.0,39928.72906347766,800949.2354196205,0.0,0.000532383054179702,0.010679323138928274
2024-07-10 19:40:00,URLLC_eMBB_MIX,153193.19032597443,6334971.859599842,117863340.1569598,0.0020425758710129922,0.08446629146133122,1.5715112020927973
2024-07-10 19:40:00,eMBB,8045810.6649093535,22029328.10241636,1365857151.0551865,0.1072774755321247,0.2937243746988848,18.211428680735818
2024-07-10 19:40:00,mMTC,2465.16370012908,32170.08859424203,254808.07244622213,3.28688493350544e-05,0.0004289345145898937,0.0033974409659496283
2024-07-10 19:50:00,URLLC,0.0,7864.366988729458,260684.4462790882,0.0,0.00010485822651639278,0.003475792617054509
2024-07-10 19:50:00,URLLC_eMBB_MIX,201843.1201322574,5962856.617373864,17085623.127620183,0.0026912416017634317,0.0795047548983182,0.2278083083682691
2024-07-10 19:50:00,eMBB,831551.5506873901,202005202.14052466,1881762765.0798848,0.0110873540091652,2.6934026952069954,25.09017020106513
2024-07-10 19:50:00,mMTC,2508.901404152329,34479.52853246381,209476.96112323456,3.345201872203106e-05,0.0004597270470995174,0.0027930261483097942
2024-07-10 20:00:00,URLLC,0.0,6016.780139264543,439643.090659138,0.0,8.02237351901939e-05,0.005861907875455173
2024-07-10 20:00:00,URLLC_eMBB_MIX,113681.49462646866,4849103.2632322805,11786171.7133733,0.0015157532616862487,0.06465471017643042,0.15714895617831068
2024-07-10 20:00:00,eMBB,20134881.41912414,61467458.50357936,1500815758.440391,0.2684650855883219,0.8195661133810582,20.010876779205216
2024-07-10 20:00:00,mMTC,3474.11596208087,44385.581650179454,276723.3610640519,4.632154616107827e-05,0.000591807755335726,0.0036896448141873588
2024-07-10 20:10:00,URLLC,0.0,5880.997493476455,315836.86733952863,0.0,7.84132999130194e-05,0.004211158231193716
2024-07-10 20:10:00,URLLC_eMBB_MIX,115485.83635677097,5899096.942459965,139672532.89132997,0.0015398111514236129,0.0786546258994662,1.8623004385510662
2024-07-10 20:10:00,eMBB,9911898.021317042,237119539.38566047,1177069818.7591527,0.13215864028422725,3.161593858475473,15.694264250122036
2024-07-10 20:10:00,mMTC,3859.6770265355603,43558.82790655917,248775.92816891774,5.1462360353807466e-05,0.0005807843720874556,0.00331701237558557
2024-07-10 20:20:00,URLLC,0.0,8495.762741271627,771289.9297614929,0.0,0.00011327683655028836,0.010283865730153238
2024-07-10 20:20:00,URLLC_eMBB_MIX,111187.97496677325,4804693.496881476,15878542.24815159,0.00148250633289031,0.06406257995841967,0.2117138966420212
2024-07-10 20:20:00,eMBB,6828274.9224341,220186690.14175862,1557751117.3875246,0.09104366563245467,2.935822535223448,20.770014898500328
2024-07-10 20:20:00,mMTC,3273.555782851401,35947.55391579897,273031.84521835955,4.364741043801868e-05,0.0004793007188773196,0.0036404246029114605
2024-07-10 20:30:00,URLLC,0.0,6458.342213817308,352357.9942023815,0.0,8.611122951756411e-05,0.004698106589365087
2024-07-10 20:30:00,URLLC_eMBB_MIX,144615.82458965405,5531981.0992628625,15217710.556587556,0.0019282109945287207,0.0737597479901715,0.2029028074211674
2024-07-10 20:30:00,eMBB,12785142.27572882,28943374.057180278,1733378647.2028534,0.17046856367638427,0.385911654095737,23.111715296038046
2024-07-10 20:30:00,mMTC,3320.907013368498,41732.94267891523,226469.59601127956,4.427876017824664e-05,0.0005564392357188697,0.0030195946134837274
2024-07-10 20:40:00,URLLC,0.0,8488.000600956044,464465.6561642512,0.0,0.00011317334134608059,0.006192875415523349
2024-07-10 20:40:00,URLLC_eMBB_MIX,259821.82952099462,5868647.869467121,11064108.414422013,0.0034642910602799286,0.0782486382595616,0.14752144552562682
2024-07-10 20:40:00,eMBB,1427722.0013290665,115341042.18464492,1374179749.4086456,0.01903629335105422,1.5378805624619323,18.32239665878194
2024-07-10 20:40:00,mMTC,3639.2409952909993,38397.84256534297,209385.28966653225,4.852321327054665e-05,0.000511971234204573,0.00279180386222043
2024-07-10 20:50:00,URLLC,0.0,13633.394309050289,650280.1186226143,0.0,0.0001817785907873372,0.008670401581634856
2024-07-10 20:50:00,URLLC_eMBB_MIX,149005.77770914792,6160313.672030251,14717712.382751266,0.001986743702788639,0.08213751562707002,0.1962361651033502
2024-07-10 20:50:00,eMBB,990206.8391049547,142157995.9294892,1502326950.3235505,0.01320275785473273,1.8954399457265227,20.031026004314004
2024-07-10 20:50:00,mMTC,2702.0782404887577,28936.518931152885,258115.08815908045,3.6027709873183435e-05,0.0003858202524153718,0.0034415345087877394
2024-07-10 21:00:00,URLLC,0.0,5181.845131745787,703318.8321348892,0.0,6.909126842327716e-05,0.00937758442846519
2024-07-10 21:00:00,URLLC_eMBB_MIX,256337.9992636613,6076785.30418752,20829445.44051539,0.003417839990182151,0.0810238040558336,0.2777259392068719
2024-07-10 21:00:00,eMBB,689752.7193153916,158957528.01632515,1477169661.3267083,0.009196702924205222,2.1194337068843354,19.695595484356108
2024-07-10 21:00:00,mMTC,3027.612540191892,43913.22247149572,273441.23169809923,4.036816720255856e-05,0.0005855096329532763,0.0036458830893079898
2024-07-10 21:10:00,URLLC,0.0,16442.80515516326,434301.24883292447,0.0,0.00021923740206884347,0.005790683317772326
2024-07-10 21:10:00,URLLC_eMBB_MIX,139241.96142928343,4671509.690464409,14409794.849812232,0.0018565594857237792,0.06228679587285879,0.19213059799749643
2024-07-10 21:10:00,eMBB,910181.5424937067,290671369.5405214,1504223726.1213894,0.01213575389991609,3.875618260540285,20.05631634828519
2024-07-10 21:10:00,mMTC,3725.8728693094677,31228.682484186967,269836.1617802076,4.967830492412624e-05,0.0004163824331224929,0.0035978154904027677
2024-07-10 21:20:00,URLLC,0.0,8415.357900894762,1178351.3693872255,0.0,0.00011220477201193016,0.015711351591829674
2024-07-10 21:20:00,URLLC_eMBB_MIX,123503.15854456308,5110258.237535596,26503501.360191006,0.0016467087805941744,0.06813677650047462,0.35338001813588005
2024-07-10 21:20:00,eMBB,32221022.796214335,404748593.7488347,1805454280.7828715,0.4296136372828578,5.39664791665113,24.07272374377162
2024-07-10 21:20:00,mMTC,4233.949000009619,33165.6266153406,245601.97714265317,5.645265333346159e-05,0.000442208354871208,0.003274693028568709
2024-07-10 21:30:00,URLLC,0.0,6029.4347156184585,711526.4784793748,0.0,8.039246287491278e-05,0.00948701971305833
2024-07-10 21:30:00,URLLC_eMBB_MIX,215078.69908060695,6474898.697709925,353620580.2211931,0.002867715987741426,0.08633198263613232,4.714941069615908
2024-07-10 21:30:00,eMBB,3392415.02610117,54333794.52774382,1530151765.7925637,0.045232200348015596,0.7244505937032508,20.402023543900846
2024-07-10 21:30:00,mMTC,2503.558018171612,34378.59891740926,217176.7403129039,3.338077357562149e-05,0.00045838131889879013,0.0028956898708387183
2024-07-10 21:40:00,URLLC,0.0,4644.039062146461,560733.1894699461,0.0,6.192052082861948e-05,0.007476442526265948
2024-07-10 21:40:00,URLLC_eMBB_MIX,121268.17193681032,6251173.631524575,36162539.907943025,0.001616908959157471,0.08334898175366101,0.4821671987725737
2024-07-10 21:40:00,eMBB,6532572.1124866465,56393099.687737145,1665973973.446231,0.08710096149982195,0.7519079958364953,22.21298631261641
2024-07-10 21:40:00,mMTC,3057.1195654497487,37843.416229255745,231142.02084273976,4.0761594205996654e-05,0.0005045788830567433,0.00308189361123653
2024-07-10 21:50:00,URLLC,0.0,15538.872857316479,489815.47138709464,0.0,0.00020718497143088638,0.006530872951827929
2024-07-10 21:50:00,URLLC_eMBB_MIX,189333.10290920528,5419131.957612557,27115456.23035607,0.002524441372122737,0.07225509276816744,0.3615394164047476
2024-07-10 21:50:00,eMBB,708314.9885843454,38418090.07871763,1787213460.6746485,0.009444199847791273,0.5122412010495684,23.829512808995315
2024-07-10 21:50:00,mMTC,5126.8472331417415,33238.43048209845,255979.3877069349,6.835796310855655e-05,0.000443179073094646,0.0034130585027591326
2024-07-11 16:00:00,URLLC,0.0,5378.696337201809,664551.4243047773,0.0,7.171595116269079e-05,0.008860685657397031
2024-07-11 16:00:00,URLLC_eMBB_MIX,229292.68978092913,5489979.0896621365,14657882.617315678,0.003057235863745722,0.07319972119549514,0.19543843489754237
2024-07-11 16:00:00,eMBB,14337489.355728876,16617743.154785868,1024201260.3455043,0.19116652474305168,0.22156990873047824,13.656016804606725
2024-07-11 16:00:00,mMTC,3951.6183197721753,52764.65841525594,224910.51005652724,5.2688244263629005e-05,0.0007035287788700791,0.0029988068007536966
2024-07-11 16:10:00,URLLC,0.0,4003.9623234477403,720458.35244596,0.0,5.3386164312636536e-05,0.009606111365946133
2024-07-11 16:10:00,URLLC_eMBB_MIX,151742.5945183133,5463899.163667805,17159715.29986888,0.0020232345935775106,0.07285198884890406,0.22879620399825176
2024-07-11 16:10:00,eMBB,6815359.643270053,35290408.017653756,1221809912.58135,0.09087146191026738,0.47053877356871676,16.290798834418002
2024-07-11 16:10:00,mMTC,9023.159215869347,72659.385027417,282572.39309649,0.00012030878954492464,0.00096879180036556,0.0037676319079532
2024-07-11 16:20:00,URLLC,0.0,4171.997233048421,200363.1647094916,0.0,5.5626629773978944e-05,0.0026715088627932214
2024-07-11 16:20:00,URLLC_eMBB_MIX,211709.0880767944,6112108.212185825,345324629.60569596,0.0028227878410239256,0.08149477616247768,4.604328394742613
2024-07-11 16:20:00,eMBB,19837776.550082423,74153671.29629016,1342562680.9642282,0.2645036873344323,0.9887156172838688,17.90083574618971
2024-07-11 16:20:00,mMTC,4265.521323519343,47509.86948590676,286828.577784305,5.687361764692458e-05,0.0006334649264787569,0.003824381037124066
2024-07-11 16:30:00,URLLC,0.0,4886.201517812651,458966.7422188153,0.0,6.514935357083534e-05,0.006119556562917537
2024-07-11 16:30:00,URLLC_eMBB_MIX,160529.95658502768,5932292.64036038,20732969.48167519,0.0021403994211337024,0.07909723520480506,0.2764395930890025
2024-07-11 16:30:00,eMBB,1045095.0730092487,140765437.33867133,1276986547.6364794,0.013934600973456649,1.876872497848951,17.026487301819728
2024-07-11 16:30:00,mMTC,4012.978765661802,43901.4208309011,302056.590415544,5.3506383542157356e-05,0.000585352277745348,0.004027421205540586
2024-07-11 16:40:00,URLLC,0.0,17104.82037115155,428282.213165263,0.0,0.00022806427161535398,0.005710429508870174
2024-07-11 16:40:00,URLLC_eMBB_MIX,152254.57141293172,5907283.355798376,15447330.936826233,0.002030060952172423,0.07876377807731168,0.20596441249101644
2024-07-11 16:40:00,eMBB,16166931.675494216,27133150.031325154,1442675422.3467405,0.21555908900658954,0.361775333751002,19.23567229795654
2024-07-11 16:40:00,mMTC,2835.1243734337263,57263.612870370736,286021.42012924334,3.7801658312449684e-05,0.0007635148382716099,0.0038136189350565777
2024-07-11 16:50:00,URLLC,0.0,8423.283757098643,387114.0928483747,0.0,0.00011231045009464858,0.0051615212379783285
2024-07-11 16:50:00,URLLC_eMBB_MIX,271788.12338398333,5557612.526811258,10208927.442349754,0.0036238416451197775,0.07410150035748345,0.1361190325646634
2024-07-11 16:50:00,eMBB,1782082.6909943735,224967105.62216878,1486009271.5995157,0.023761102546591646,2.999561408295584,19.81345695466021
2024-07-11 16:50:00,mMTC,5969.138867315434,47774.632611080466,244586.9888618513,7.958851823087245e-05,0.0006369951014810729,0.003261159851491351
2024-07-11 17:00:00,URLLC,0.0,4408.26714081127,269865.8725515531,0.0,5.877689521081693e-05,0.0035982116340207084
2024-07-11 17:00:00,URLLC_eMBB_MIX,133205.54883015153,5898484.713380142,42831366.11979264,0.0017760739844020204,0.07864646284506856,0.5710848815972352
2024-07-11 17:00:00,eMBB,1625369.9004847046,60893375.06915211,1405035040.056034,0.021671598673129396,0.8119116675886948,18.733800534080455
2024-07-11 17:00:00,mMTC,3306.366624582205,46024.41912054564,216520.70088372333,4.4084888327762735e-05,0.0006136589216072752,0.0028869426784496445
2024-07-11 17:10:00,URLLC,0.0,3902.818786283349,906063.09488899,0.0,5.203758381711132e-05,0.012080841265186534
2024-07-11 17:10:00,URLLC_eMBB_MIX,282628.40505914245,5815482.1989772385,48610108.10905146,0.0037683787341218993,0.07753976265302985,0.6481347747873528
2024-07-11 17:10:00,eMBB,1203448.0153845728,47923008.484733745,1325457050.8743522,0.016045973538460972,0.6389734464631166,17.672760678324696
2024-07-11 17:10:00,mMTC,2264.5344774694395,65174.012087995936,266141.4080889264,3.019379303292586e-05,0.0008689868278399458,0.003548552107852352
2024-07-11 17:20:00,URLLC,0.0,1899.7848930256102,353829.74266213545,0.0,2.533046524034147e-05,0.0047177299021618066
2024-07-11 17:20:00,URLLC_eMBB_MIX,261854.9295339492,6580538.395585561,24394608.29656474,0.003491399060452656,0.08774051194114081,0.32526144395419654
2024-07-11 17:20:00,eMBB,698809.4965676161,26036335.836781412,1147934254.9606452,0.009317459954234882,0.34715114449041884,15.305790066141935
2024-07-11 17:20:00,mMTC,2116.779027033881,48535.92411411237,238112.6026492484,2.8223720360451747e-05,0.0006471456548548316,0.003174834701989979
2024-07-11 17:30:00,URLLC,0.0,3426.719085552716,392171.2814713745,0.0,4.568958780736955e-05,0.005228950419618327
2024-07-11 17:30:00,URLLC_eMBB_MIX,159243.1454249448,6201576.951489742,107577032.23628041,0.0021232419389992643,0.08268769268652988,1.434360429817072
2024-07-11 17:30:00,eMBB,3571990.716839299,22697891.778484225,1654058587.0816312,0.04762654289119066,0.3026385570464563,22.05411449442175
2024-07-11 17:30:00,mMTC,1163.7172945289053,56390.565635266554,262212.1855052972,1.551623059371874e-05,0.0007518742084702207,0.003496162473403963
2024-07-11 17:40:00,URLLC,0.0,6818.240860176363,437892.6180921272,0.0,9.090987813568483e-05,0.005838568241228363
2024-07-11 17:40:00,URLLC_eMBB_MIX,205784.77536639612,5357190.673924046,16320263.587802203,0.0027437970048852815,0.07142920898565394,0.2176035145040294
2024-07-11 17:40:00,eMBB,349099.9437005115,192680414.89521986,1185324977.3017604,0.0046546659160068195,2.5690721986029317,15.80433303069014
2024-07-11 17:40:00,mMTC,4115.461614502984,72310.11695345666,294320.72373001283,5.487282152670645e-05,0.0009641348927127555,0.003924276316400172
2024-07-11 17:50:00,URLLC,0.0,2052.2541994475496,1788446.3840486086,0.0,2.736338932596733e-05,0.02384595178731478
2024-07-11 17:50:00,URLLC_eMBB_MIX,164009.38754808993,5394023.737388706,10412693.387004238,0.0021867918339745322,0.07192031649851609,0.13883591182672317
2024-07-11 17:50:00,eMBB,201452.45823812688,239259483.40731266,1419345432.9432254,0.0026860327765083586,3.1901264454308356,18.92460577257634
2024-07-11 17:50:00,mMTC,3945.2600098147605,38681.96182371282,255603.44416192535,5.260346679753014e-05,0.0005157594909828377,0.0034080459221590043
2024-07-11 18:00:00,URLLC,0.0,5323.179314219996,703092.157875356,0.0,7.097572418959995e-05,0.009374562105004747
2024-07-11 18:00:00,URLLC_eMBB_MIX,189425.54926125024,6002868.806742789,9793740.357231656,0.002525673990150003,0.08003825075657052,0.13058320476308877
2024-07-11 18:00:00,eMBB,1903896.3089218286,16072604.34319782,1250169935.7160323,0.025385284118957716,0.2143013912426376,16.668932476213765
2024-07-11 18:00:00,mMTC,3115.3991930098105,54018.382840259204,219894.5972610465,4.153865590679747e-05,0.0007202451045367894,0.00293192796348062
2024-07-11 18:10:00,URLLC,0.0,4666.356486389127,241846.0636624752,0.0,6.221808648518836e-05,0.003224614182166336
2024-07-11 18:10:00,URLLC_eMBB_MIX,259387.85474634552,7626786.780981657,28253180.498932887,0.0034585047299512733,0.10169049041308875,0.37670907331910514
2024-07-11 18:10:00,eMBB,5543173.039066846,32831145.552380756,1825493799.9385011,0.07390897385422461,0.4377486073650767,24.339917332513348
2024-07-11 18:10:00,mMTC,1158.0474027526468,58249.03264311646,245623.20200499284,1.5440632036701958e-05,0.0007766537685748861,0.003274976026733238
2024-07-11 18:20:00,URLLC,0.0,3526.0379484083646,270182.1990359923,0.0,4.701383931211153e-05,0.0036024293204798977
2024-07-11 18:20:00,URLLC_eMBB_MIX,177999.34229711373,8263318.342581211,20044442.17393919,0.0023733245639615164,0.11017757790108282,0.26725922898585586
2024-07-11 18:20:00,eMBB,1033169.6335645273,85321567.40410365,1999507242.6880925,0.013775595114193696,1.137620898721382,26.660096569174566
2024-07-11 18:20:00,mMTC,4625.995707726364,48110.60210129751,241424.87788236944,6.167994276968486e-05,0.0006414746946839669,0.003218998371764926
2024-07-11 18:30:00,URLLC,0.0,1169.4456670754837,233564.89653193342,0.0,1.5592608894339784e-05,0.003114198620425779
2024-07-11 18:30:00,URLLC_eMBB_MIX,186004.9145676606,7520002.680678756,53341694.24685676,0.002480065527568808,0.10026670240905008,0.7112225899580901
2024-07-11 18:30:00,eMBB,819583.1962258092,28067838.954839014,1293678239.851784,0.010927775949677455,0.3742378527311868,17.249043198023784
2024-07-11 18:30:00,mMTC,4839.142731458497,40657.91845846649,253131.19709078237,6.45219030861133e-05,0.0005421055794462198,0.003375082627877098
2024-07-11 18:40:00,URLLC,0.0,2418.748180620809,258067.6846387212,0.0,3.224997574161078e-05,0.003440902461849616
2024-07-11 18:40:00,URLLC_eMBB_MIX,135852.44956278632,5580703.035567384,11660277.795157637,0.0018113659941704843,0.07440937380756513,0.15547037060210184
2024-07-11 18:40:00,eMBB,5372605.580568867,22494581.90748098,1723851762.7193182,0.07163474107425157,0.2999277587664131,22.98469016959091
2024-07-11 18:40:00,mMTC,3141.2769654476615,53216.14396177798,258440.01856609937,4.1883692872635485e-05,0.0007095485861570397,0.003445866914214658
2024-07-11 18:50:00,URLLC,0.0,3763.0907722391353,294712.39364627376,0.0,5.017454362985514e-05,0.003929498581950317
2024-07-11 18:50:00,URLLC_eMBB_MIX,133626.66775543854,6277002.676624854,46143552.29816653,0.0017816889034058471,0.08369336902166473,0.6152473639755537
2024-07-11 18:50:00,eMBB,566534.3490561754,241783841.52474076,1972333399.9520304,0.007553791320749005,3.22378455366321,26.297778666027074
2024-07-11 18:50:00,mMTC,1504.2206584155097,57458.83617041302,251405.34235567832,2.005627544554013e-05,0.0007661178156055069,0.003352071231409044
2024-07-11 19:00:00,URLLC,0.0,5468.770840973498,398545.69088930485,0.0,7.29169445463133e-05,0.0053139425451907306
2024-07-11 19:00:00,URLLC_eMBB_MIX,120571.66501825851,6388019.936504936,44631295.36614248,0.001607622200243447,0.08517359915339914,0.5950839382152331
2024-07-11 19:00:00,eMBB,13785324.409075934,174000860.30486467,1392933808.3386133,0.1838043254543458,2.320011470731529,18.572450777848175
2024-07-11 19:00:00,mMTC,4901.832729784945,42620.5585237274,224290.91616404653,6.535776973046593e-05,0.0005682741136496986,0.002990545548853954
2024-07-11 19:10:00,URLLC,0.0,5680.036784154961,357229.99358220125,0.0,7.573382378873281e-05,0.004763066581096017
2024-07-11 19:10:00,URLLC_eMBB_MIX,166120.89247252027,6130339.121355878,24564703.00500697,0.0022149452329669373,0.0817378549514117,0.3275293734000929
2024-07-11 19:10:00,eMBB,1924674.8375975317,38941526.76343312,1498528456.1673422,0.02566233116796709,0.5192203568457749,19.980379415564563
2024-07-11 19:10:00,mMTC,4928.744410264376,43800.00772070484,252504.27823409103,6.571659213685834e-05,0.0005840001029427312,0.0033667237097878807
2024-07-11 19:20:00,URLLC,0.0,5873.319372089341,316941.8352413227,0.0,7.831092496119122e-05,0.004225891136550969
2024-07-11 19:20:00,URLLC_eMBB_MIX,278360.5898619851,5066265.440824467,75847340.03240614,0.0037114745314931353,0.06755020587765956,1.0112978670987485
2024-07-11 19:20:00,eMBB,827894.9345272627,70052508.60424207,1522348806.9861267,0.011038599127030169,0.934033448056561,20.297984093148354
2024-07-11 19:20:00,mMTC,6426.070719170658,58125.35540768793,237343.3588678345,8.568094292227544e-05,0.0007750047387691724,0.003164578118237793
2024-07-11 19:30:00,URLLC,0.0,4858.246784685791,341764.3503839542,0.0,6.477662379581056e-05,0.00455685800511939
2024-07-11 19:30:00,URLLC_eMBB_MIX,140147.42325088906,5984429.063287072,13389584.493716411,0.0018686323100118541,0.07979238751049429,0.17852779324955215
2024-07-11 19:30:00,eMBB,551639.9893559271,24068209.32835744,1266919205.4623523,0.007355199858079028,0.32090945771143253,16.892256072831362
2024-07-11 19:30:00,mMTC,2930.5639294887833,40491.97723974882,264298.90100301435,3.9074185726517105e-05,0.0005398930298633176,0.003523985346706858
2024-07-11 19:40:00,URLLC,0.0,5872.172900631077,527365.6128192329,0.0,7.829563867508102e-05,0.007031541504256438
2024-07-11 19:40:00,URLLC_eMBB_MIX,171568.26600216553,5564227.424823875,93107903.03796642,0.002287576880028874,0.07418969899765167,1.2414387071728856
2024-07-11 19:40:00,eMBB,7033187.0623664595,23497369.740168795,1249245300.0955687,0.09377582749821946,0.31329826320225057,16.65660400127425
2024-07-11 19:40:00,mMTC,5133.670361577839,57685.93088368568,260094.61089371506,6.844893815437118e-05,0.0007691457451158091,0.003467928145249534
2024-07-11 19:50:00,URLLC,0.0,8405.0787251469,477579.7829430974,0.0,0.000112067716335292,0.006367730439241299
2024-07-11 19:50:00,URLLC_eMBB_MIX,218023.95183322584,7084335.462992083,13373144.824939063,0.002906986024443011,0.09445780617322777,0.1783085976658542
2024-07-11 19:50:00,eMBB,8795629.534999007,135291523.37424716,1638875275.712085,0.11727506046665344,1.8038869783232956,21.851670342827802
2024-07-11 19:50:00,mMTC,2345.1457940456885,48222.6582952387,220218.51422776427,3.126861058727585e-05,0.0006429687772698495,0.0029362468563701905
2024-07-11 20:00:00,URLLC,0.0,4087.5660775730394,600627.2255905347,0.0,5.450088103430719e-05,0.008008363007873796
2024-07-11 20:00:00,URLLC_eMBB_MIX,246458.71733802563,5493557.072974185,8546920.242901932,0.003286116231173675,0.07324742763965582,0.11395893657202576
2024-07-11 20:00:00,eMBB,4612147.658731739,55360920.79166229,1704374929.9198506,0.06149530211642319,0.7381456105554972,22.724999065598006
2024-07-11 20:00:00,mMTC,3752.325244982817,52823.81159621693,243846.84880539397,5.003100326643756e-05,0.0007043174879495591,0.003251291317405253
2024-07-11 20:10:00,URLLC,0.0,8691.847897889711,604955.439828707,0.0,0.00011589130530519614,0.008066072531049427
2024-07-11 20:10:00,URLLC_eMBB_MIX,121660.9885404003,6071820.315171863,27114275.564590745,0.001622146513872004,0.0809576042022915,0.3615236741945433
2024-07-11 20:10:00,eMBB,8294846.590279091,35953262.06808187,1156773517.054955,0.11059795453705455,0.47937682757442496,15.423646894066067
2024-07-11 20:10:00,mMTC,3677.8947303219547,37507.90728994778,212713.1700258507,4.903859640429273e-05,0.0005001054305326371,0.002836175600344676
2024-07-11 20:20:00,URLLC,0.0,8434.613270864917,736254.2725270703,0.0,0.00011246151027819889,0.00981672363369427
2024-07-11 20:20:00,URLLC_eMBB_MIX,205288.02216148953,4838702.54878024,8022438.483485884,0.00273717362881986,0.06451603398373654,0.10696584644647845
2024-07-11 20:20:00,eMBB,1092339.7079125762,34168316.38591346,1134454296.17009,0.014564529438834349,0.4555775518121795,15.126057282267867
2024-07-11 20:20:00,mMTC,1971.5440072676101,56121.50293722427,257116.87353364713,2.6287253430234803e-05,0.000748286705829657,0.003428224980448628
2024-07-11 20:30:00,URLLC,0.0,8139.950367104386,353263.59463670314,0.0,0.00010853267156139181,0.004710181261822708
2024-07-11 20:30:00,URLLC_eMBB_MIX,187359.2950628371,4967186.492501633,21062151.67914588,0.002498123934171161,0.06622915323335511,0.28082868905527836
2024-07-11 20:30:00,eMBB,943583.5426300009,14854089.410966156,1100910819.8513513,0.012581113901733344,0.19805452547954874,14.67881093135135
2024-07-11 20:30:00,mMTC,2322.0562179746325,52224.54753419215,278167.1327572814,3.09607495729951e-05,0.0006963273004558952,0.003708895103430419
2024-07-11 20:40:00,URLLC,0.0,4277.288909147649,437159.68343747273,0.0,5.703051878863532e-05,0.005828795779166303
2024-07-11 20:40:00,URLLC_eMBB_MIX,196211.2686551345,5105964.482694432,35115088.47236919,0.002616150248735127,0.06807952643592576,0.46820117963158914
2024-07-11 20:40:00,eMBB,1258358.19933696,36878180.43990658,1316331748.7721798,0.0167781093244928,0.49170907253208773,17.551089983629062
2024-07-11 20:40:00,mMTC,2873.117569944662,46512.33963162091,256581.53539574597,3.830823426592883e-05,0.0006201645284216121,0.003421087138609946
2024-07-11 20:50:00,URLLC,0.0,6581.909631998247,425396.22101825656,0.0,8.775879509330997e-05,0.005671949613576754
2024-07-11 20:50:00,URLLC_eMBB_MIX,208224.09991988933,5679280.104885183,8759037.147550605,0.002776321332265191,0.07572373473180244,0.11678716196734142
2024-07-11 20:50:00,eMBB,1001711.1109948956,162673799.2606977,1322163601.795897,0.013356148146598606,2.168983990142636,17.628848023945295
2024-07-11 20:50:00,mMTC,2766.2271913608515,58942.507236871155,255656.3310401331,3.688302921814469e-05,0.0007859000964916153,0.003408751080535108
2024-07-11 21:00:00,URLLC,0.0,4374.170763434536,438504.9867078313,0.0,5.832227684579381e-05,0.005846733156104417
2024-07-11 21:00:00,URLLC_eMBB_MIX,117620.19616266811,5546010.005672795,35170907.51977206,0.0015682692821689082,0.07394680007563727,0.4689454335969608
2024-07-11 21:00:00,eMBB,1209168.9273265705,26544541.83129022,1594199423.183299,0.016122252364354273,0.3539272244172029,21.255992309110653
2024-07-11 21:00:00,mMTC,3681.9886962505457,53699.004647200876,237034.91843385404,4.9093182616673945e-05,0.0007159867286293451,0.0031604655791180537
2024-07-11 21:10:00,URLLC,0.0,9253.066358997772,361519.1313950184,0.0,0.0001233742181199703,0.004820255085266912
2024-07-11 21:10:00,URLLC_eMBB_MIX,158220.73257357377,5068675.128209733,19336020.211084712,0.00210960976764765,0.06758233504279644,0.2578136028144628
2024-07-11 21:10:00,eMBB,1448638.267259531,286428334.94476134,1446269209.238318,0.019315176896793747,3.8190444659301512,19.283589456510907
2024-07-11 21:10:00,mMTC,2899.890684368315,49267.896744872196,235385.46533260413,3.8665209124910866e-05,0.0006569052899316292,0.0031384728711013887
2024-07-11 21:20:00,URLLC,0.0,6634.865260024748,727527.8848661678,0.0,8.846487013366331e-05,0.009700371798215571
2024-07-11 21:20:00,URLLC_eMBB_MIX,192867.55915986138,5379004.737839162,17292633.819186628,0.0025715674554648185,0.07172006317118883,0.23056845092248837
2024-07-11 21:20:00,eMBB,1803706.7493312294,225663776.41518402,1775005032.987338,0.02404942332441639,3.0088503522024537,23.666733773164506
2024-07-11 21:20:00,mMTC,2402.725694027381,40171.347074536774,215006.4681656548,3.2036342587031744e-05,0.0005356179609938236,0.0028667529088753974
2024-07-11 21:30:00,URLLC,0.0,4437.487674791357,235958.41387350866,0.0,5.9166502330551425e-05,0.003146112184980116
2024-07-11 21:30:00,URLLC_eMBB_MIX,220437.02484021062,6164466.965961037,274143784.98261714,0.0029391603312028084,0.08219289287948049,3.6552504664348953
2024-07-11 21:30:00,eMBB,10013317.335967591,252587917.7576345,1853668768.308835,0.1335108978129012,3.3678389034351266,24.71558357745113
2024-07-11 21:30:00,mMTC,4864.955550056764,60350.11558320563,246068.84012837155,6.486607400075686e-05,0.000804668207776075,0.0032809178683782876
2024-07-11 21:40:00,URLLC,0.0,4288.694652775639,451423.851398266,0.0,5.718259537034185e-05,0.006018984685310213
2024-07-11 21:40:00,URLLC_eMBB_MIX,163466.28182054704,5540848.205206645,35166358.900134616,0.0021795504242739607,0.07387797606942192,0.4688847853351282
2024-07-11 21:40:00,eMBB,11553827.754652934,46150902.8869151,1410842722.358581,0.15405103672870576,0.6153453718255347,18.811236298114416
2024-07-11 21:40:00,mMTC,3866.8357586662473,54056.78857390328,276472.1596219956,5.155781011554996e-05,0.0007207571809853771,0.003686295461626608
2024-07-11 21:50:00,URLLC,0.0,6552.164002246847,513571.58928588347,0.0,8.736218669662464e-05,0.006847621190478446
2024-07-11 21:50:00,URLLC_eMBB_MIX,124627.71700567698,5977787.811136297,42511965.216589235,0.0016617028934090266,0.0797038374818173,0.5668262028878566
2024-07-11 21:50:00,eMBB,879143.0760934142,19882058.259776402,1871988908.5187354,0.011721907681245522,0.265094110130352,24.95985211358314
2024-07-11 21:50:00,mMTC,4560.868341643809,56642.08692934744,284410.1424747941,6.081157788858412e-05,0.0007552278257246326,0.003792135232997255
2024-07-12 16:00:00,URLLC,0.0,2127.664560563847,542918.5664970386,0.0,2.836886080751796e-05,0.007238914219960515
2024-07-12 16:00:00,URLLC_eMBB_MIX,323520.89333037206,6626280.204019358,16818858.829192415,0.004313611911071627,0.08835040272025811,0.22425145105589886
2024-07-12 16:00:00,eMBB,26151004.786688473,34176073.18396137,832080623.8636926,0.348680063822513,0.4556809757861516,11.09440831818257
2024-07-12 16:00:00,mMTC,2504.8986459674857,47700.629211915526,201914.62849816197,3.3398648612899814e-05,0.000636008389492207,0.0026921950466421594
2024-07-12 16:10:00,URLLC,0.0,6555.28642924345,791689.7642832913,0.0,8.740381905657932e-05,0.010555863523777218
2024-07-12 16:10:00,URLLC_eMBB_MIX,167912.892059737,4497119.065173054,14689748.831410814,0.0022388385607964934,0.05996158753564072,0.1958633177521442
2024-07-12 16:10:00,eMBB,5210465.43842724,23872524.0104918,973391361.857182,0.06947287251236318,0.3183003201398907,12.978551491429094
2024-07-12 16:10:00,mMTC,3571.759801026281,52719.995428564456,225634.00568225776,4.762346401368375e-05,0.0007029332723808594,0.00300845340909677
2024-07-12 16:20:00,URLLC,0.0,4406.689793742758,522356.7717670391,0.0,5.8755863916570113e-05,0.006964756956893854
2024-07-12 16:20:00,URLLC_eMBB_MIX,216217.53668312973,6433730.260506965,504606550.7630253,0.0028829004891083965,0.08578307014009287,6.728087343507004
2024-07-12 16:20:00,eMBB,18985961.63825831,60147311.44047901,1025539662.6768115,0.25314615517677747,0.8019641525397202,13.673862169024153
2024-07-12 16:20:00,mMTC,2508.21127399836,30923.655230888406,247679.76841192605,3.34428169866448e-05,0.0004123154030785121,0.003302396912159014
2024-07-12 16:30:00,URLLC,0.0,9096.526203485571,462622.77923925617,0.0,0.00012128701604647428,0.0061683037231900825
2024-07-12 16:30:00,URLLC_eMBB_MIX,141004.7544786375,7287652.714323135,15956014.964511702,0.0018800633930485002,0.0971687028576418,0.21274686619348934
2024-07-12 16:30:00,eMBB,15737038.924067393,104568655.84414668,1039752840.0395638,0.2098271856542319,1.3942487445886225,13.863371200527517
2024-07-12 16:30:00,mMTC,4902.903690339869,48240.63209848963,269727.4605852943,6.537204920453159e-05,0.0006432084279798618,0.0035963661411372574
2024-07-12 16:40:00,URLLC,0.0,2582.3975726005697,624469.0722486306,0.0,3.443196763467427e-05,0.008326254296648407
2024-07-12 16:40:00,URLLC_eMBB_MIX,163092.51285602502,6283572.079115555,13141397.609890487,0.0021745668380803336,0.08378096105487406,0.17521863479853983
2024-07-12 16:40:00,eMBB,930968.8917000236,41150762.215981945,1096521274.1451614,0.012412918556000314,0.5486768295464259,14.620283655268818
2024-07-12 16:40:00,mMTC,2333.317493610248,50831.913145902465,210516.52036676658,3.1110899914803306e-05,0.0006777588419453662,0.002806886938223554
2024-07-12 16:50:00,URLLC,0.0,4109.922961563561,512332.22162302944,0.0,5.4798972820847484e-05,0.00683109628830706
2024-07-12 16:50:00,URLLC_eMBB_MIX,246740.55899768698,4168631.0930538876,10524512.837121902,0.00328987411996916,0.05558174790738517,0.14032683782829203
2024-07-12 16:50:00,eMBB,7781557.9198758295,57262447.20997659,995562852.93727,0.1037541055983444,0.7634992961330213,13.274171372496935
2024-07-12 16:50:00,mMTC,3894.0124566837144,53127.8603742699,199936.3897154644,5.192016608911619e-05,0.0007083714716569319,0.0026658185295395254
2024-07-12 17:00:00,URLLC,0.0,5506.002883785826,350854.8460262697,0.0,7.341337178381101e-05,0.004678064613683597
2024-07-12 17:00:00,URLLC_eMBB_MIX,250390.07067497986,7000131.137185081,32828271.975479897,0.003338534275666398,0.09333508182913441,0.43771029300639863
2024-07-12 17:00:00,eMBB,17641220.041133203,77561320.88025127,982976330.6906915,0.23521626721510938,1.034150945070017,13.106351075875885
2024-07-12 17:00:00,mMTC,3175.6727306975704,42238.80332367032,211458.4078962947,4.2342303075967604e-05,0.0005631840443156043,0.0028194454386172626
2024-07-12 17:10:00,URLLC,0.0,7458.396586493159,584879.6365926062,0.0,9.944528781990878e-05,0.007798395154568083
2024-07-12 17:10:00,URLLC_eMBB_MIX,696244.9544955569,5865250.526333895,44014800.805575304,0.009283266059940759,0.07820334035111859,0.586864010741004
2024-07-12 17:10:00,eMBB,9790163.708831044,90374427.71673846,1034300485.1544265,0.13053551611774725,1.204992369556513,13.790673135392353
2024-07-12 17:10:00,mMTC,2655.572898026293,39834.53755553848,230685.49117331082,3.540763864035057e-05,0.0005311271674071798,0.0030758065489774776
2024-07-12 17:20:00,URLLC,0.0,16724.32388810724,706143.660230212,0.0,0.00022299098517476317,0.009415248803069494
2024-07-12 17:20:00,URLLC_eMBB_MIX,204330.04390965443,6781854.195854195,24591327.173680604,0.002724400585462059,0.09042472261138927,0.32788436231574136
2024-07-12 17:20:00,eMBB,4524028.696261909,31862459.742899153,1021398815.3347216,0.06032038261682545,0.42483279657198875,13.61865087112962
2024-07-12 17:20:00,mMTC,2880.0089417556496,35180.40959601636,217909.72061512948,3.840011922340866e-05,0.0004690721279468848,0.0029054629415350597
2024-07-12 17:30:00,URLLC,0.0,3476.7904537585123,475216.00266380806,0.0,4.63572060501135e-05,0.006336213368850774
2024-07-12 17:30:00,URLLC_eMBB_MIX,143376.9196151354,5465176.003861497,18585065.17610127,0.0019116922615351388,0.07286901338481996,0.24780086901468362
2024-07-12 17:30:00,eMBB,7835566.260783789,48084006.86502301,1307966986.3816354,0.10447421681045051,0.6411200915336401,17.439559818421806
2024-07-12 17:30:00,mMTC,4482.1361116598355,46395.97992026468,225454.74150080958,5.976181482213114e-05,0.0006186130656035291,0.0030060632200107945
2024-07-12 17:40:00,URLLC,0.0,8378.988322654834,867624.3764341797,0.0,0.00011171984430206444,0.011568325019122395
2024-07-12 17:40:00,URLLC_eMBB_MIX,447559.4430029813,5690595.478309452,12537042.20793641,0.005967459240039751,0.07587460637745935,0.16716056277248545
2024-07-12 17:40:00,eMBB,462572.6655954039,190044736.28562245,925240363.9942368,0.006167635541272051,2.5339298171416327,12.336538186589824
2024-07-12 17:40:00,mMTC,3235.786711490543,61944.31082164799,246702.54729810602,4.3143822819873905e-05,0.0008259241442886399,0.00328936729730808
2024-07-12 17:50:00,URLLC,0.0,11118.910644952046,1110515.2334537941,0.0,0.00014825214193269395,0.014806869779383922
2024-07-12 17:50:00,URLLC_eMBB_MIX,327539.63144922996,6084348.245242953,12803377.73677826,0.004367195085989733,0.08112464326990604,0.17071170315704345
2024-07-12 17:50:00,eMBB,1444655.2098828387,96231872.28026105,1322832458.4376404,0.019262069465104517,1.2830916304034807,17.637766112501872
2024-07-12 17:50:00,mMTC,2524.1276162952754,36727.71933914308,236978.23553898884,3.365503488393701e-05,0.0004897029245219077,0.003159709807186518
2024-07-12 18:00:00,URLLC,0.0,6548.899251569285,408342.75056960405,0.0,8.731865668759047e-05,0.005444570007594721
2024-07-12 18:00:00,URLLC_eMBB_MIX,279052.7866421639,5758868.121977873,33982005.05672911,0.0037207038218955188,0.07678490829303831,0.4530934007563881
2024-07-12 18:00:00,eMBB,1295454.4426589683,23809291.978530366,1234138488.8420296,0.01727272590211958,0.3174572263804049,16.45517985122706
2024-07-12 18:00:00,mMTC,3705.252890495932,46748.01876420264,202674.8590612417,4.94033718732791e-05,0.0006233069168560353,0.0027023314541498892
2024-07-12 18:10:00,URLLC,0.0,4907.9164648023,732412.222073994,0.0,6.543888619736399e-05,0.009765496294319921
2024-07-12 18:10:00,URLLC_eMBB_MIX,288111.58995977574,5832222.794988899,31591943.67042729,0.0038414878661303434,0.07776297059985197,0.4212259156056972
2024-07-12 18:10:00,eMBB,5339420.4865201665,291679904.4060998,1140485930.4838562,0.07119227315360221,3.8890653920813305,15.206479073118084
2024-07-12 18:10:00,mMTC,4292.461928612526,38334.81294423992,241992.38590091158,5.723282571483368e-05,0.0005111308392565323,0.003226565145345488
2024-07-12 18:20:00,URLLC,0.0,10409.367975765916,315957.3119108633,0.0,0.0001387915730102122,0.004212764158811511
2024-07-12 18:20:00,URLLC_eMBB_MIX,223432.9786702746,6849192.124173032,37645732.03823825,0.0029791063822703283,0.09132256165564043,0.5019430938431767
2024-07-12 18:20:00,eMBB,419147.5266103365,137823997.62320852,1072070537.9333277,0.00558863368813782,1.8376533016427803,14.294273839111035
2024-07-12 18:20:00,mMTC,3831.492362923355,47171.23124734355,229576.44115460495,5.1086564838978065e-05,0.0006289497499645807,0.0030610192153947328
2024-07-12 18:30:00,URLLC,0.0,6927.883574298021,604848.8971298531,0.0,9.237178099064027e-05,0.008064651961731376
2024-07-12 18:30:00,URLLC_eMBB_MIX,208636.08809141288,5607459.963395866,139744757.36305192,0.002781814507885505,0.07476613284527821,1.863263431507359
2024-07-12 18:30:00,eMBB,1488605.4025926115,204920616.9527646,1173132620.680718,0.019848072034568155,2.732274892703528,15.641768275742905
2024-07-12 18:30:00,mMTC,3660.2718878168007,43177.8063068237,237559.65799545104,4.8803625170890676e-05,0.0005757040840909828,0.003167462106606014
2024-07-12 18:40:00,URLLC,0.0,13360.155811039564,518117.7579616565,0.0,0.00017813541081386085,0.006908236772822086
2024-07-12 18:40:00,URLLC_eMBB_MIX,173270.63008956506,5688498.727939981,11158318.066073328,0.0023102750678608676,0.07584664970586641,0.14877757421431106
2024-07-12 18:40:00,eMBB,1624176.2357653817,61672771.75046575,1052103805.2358457,0.021655683143538423,0.8223036233395433,14.028050736477944
2024-07-12 18:40:00,mMTC,2120.320454144614,31188.64559759426,227741.93079628373,2.827093938859485e-05,0.0004158486079679234,0.003036559077283783
2024-07-12 18:50:00,URLLC,0.0,6992.332392486443,374456.08866930485,0.0,9.32310985664859e-05,0.004992747848924064
2024-07-12 18:50:00,URLLC_eMBB_MIX,168472.83349491574,5544589.36711094,35530476.19466465,0.0022463044465988766,0.07392785822814586,0.4737396825955287
2024-07-12 18:50:00,eMBB,891593.1764673366,209536518.37827447,1548108594.1805613,0.011887909019564488,2.7938202450436598,20.641447922407487
2024-07-12 18:50:00,mMTC,9101.298323158308,60355.08719941906,247329.33540963507,0.00012135064430877743,0.0008047344959922541,0.0032977244721284675
2024-07-12 19:00:00,URLLC,0.0,3930.4610637809665,433813.02008901763,0.0,5.240614751707955e-05,0.005784173601186902
2024-07-12 19:00:00,URLLC_eMBB_MIX,145978.5720451566,4842078.311957988,31455892.47506263,0.0019463809606020878,0.06456104415943983,0.41941189966750175
2024-07-12 19:00:00,eMBB,3946816.5367360017,174300915.68379378,1110387412.5123603,0.052624220489813356,2.3240122091172504,14.805165500164804
2024-07-12 19:00:00,mMTC,4468.447796533989,43293.492782530484,216185.5958301987,5.9579303953786524e-05,0.0005772465704337397,0.0028824746110693157
2024-07-12 19:10:00,URLLC,0.0,4061.637056630223,211954.84762730147,0.0,5.4155160755069635e-05,0.002826064635030686
2024-07-12 19:10:00,URLLC_eMBB_MIX,226663.02189645183,5627264.813815879,12567289.037788654,0.0030221736252860243,0.07503019751754506,0.16756385383718206
2024-07-12 19:10:00,eMBB,7239097.96990238,60458879.03820824,1024549610.3816272,0.09652130626536506,0.8061183871761098,13.660661471755029
2024-07-12 19:10:00,mMTC,1157.8547103528163,48161.93988561272,197035.37290430814,1.5438062804704217e-05,0.0006421591984748363,0.0026271383053907754
2024-07-12 19:20:00,URLLC,0.0,6839.017816631567,336760.79860749515,0.0,9.118690422175424e-05,0.004490143981433269
2024-07-12 19:20:00,URLLC_eMBB_MIX,371450.4391916956,6130389.130580965,13070706.249678956,0.004952672522555941,0.08173852174107954,0.17427608332905276
2024-07-12 19:20:00,eMBB,1244185.1454336797,56350287.48279717,1033614489.993094,0.01658913527244906,0.7513371664372956,13.781526533241253
2024-07-12 19:20:00,mMTC,2766.288282741683,50480.347719792895,248658.40199327318,3.68838437698891e-05,0.0006730713029305719,0.003315445359910309
2024-07-12 19:30:00,URLLC,0.0,7237.53752873337,706972.9864981523,0.0,9.65005003831116e-05,0.00942630648664203
2024-07-12 19:30:00,URLLC_eMBB_MIX,134142.20835595985,5046948.598947413,29338402.366958294,0.0017885627780794648,0.06729264798596551,0.3911786982261106
2024-07-12 19:30:00,eMBB,846444.2997223143,19971533.06362787,1124559181.2750432,0.011285923996297525,0.2662871075150382,14.994122417000577
2024-07-12 19:30:00,mMTC,4935.075987274579,35013.29171466923,236103.2215166755,6.580101316366105e-05,0.000466843889528923,0.003148042953555673
2024-07-12 19:40:00,URLLC,0.0,32459.117413141357,969381.4579365446,0.0,0.00043278823217521805,0.012925086105820594
2024-07-12 19:40:00,URLLC_eMBB_MIX,285125.26392771996,5849184.318694532,235321957.0493191,0.003801670185702933,0.07798912424926042,3.137626093990921
2024-07-12 19:40:00,eMBB,15772763.813884137,29303305.1499097,1066757658.0290302,0.21030351751845516,0.39071073533212936,14.22343544038707
2024-07-12 19:40:00,mMTC,6562.698306576317,52142.168348274536,206790.89187269518,8.750264408768423e-05,0.0006952289113103271,0.002757211891635936
2024-07-12 19:50:00,URLLC,0.0,4980.994017288659,490867.66785620945,0.0,6.641325356384878e-05,0.006544902238082793
2024-07-12 19:50:00,URLLC_eMBB_MIX,213704.27534720636,5715726.209678942,22584757.18283151,0.0028493903379627514,0.07620968279571923,0.3011300957710868
2024-07-12 19:50:00,eMBB,889671.119014615,44691684.72019671,1146101256.148777,0.011862281586861532,0.5958891296026229,15.281350081983692
2024-07-12 19:50:00,mMTC,3864.2824176909844,36012.35811758423,182378.2157432453,5.152376556921313e-05,0.00048016477490112297,0.0024317095432432705
2024-07-12 20:00:00,URLLC,0.0,11207.827962946829,709458.2538777068,0.0,0.00014943770617262438,0.009459443385036091
2024-07-12 20:00:00,URLLC_eMBB_MIX,301535.3872992175,5517343.387482497,12860068.077717504,0.004020471830656233,0.07356457849976662,0.17146757436956672
2024-07-12 20:00:00,eMBB,1800930.3634376402,42332421.187266864,1064873210.010531,0.024012404845835205,0.5644322824968916,14.198309466807078
2024-07-12 20:00:00,mMTC,1341.5066472047645,47283.20122311751,199087.30528475493,1.7886755296063528e-05,0.0006304426829749001,0.002654497403796732
2024-07-12 20:10:00,URLLC,0.0,11007.439435792025,337924.2596917205,0.0,0.00014676585914389368,0.004505656795889607
2024-07-12 20:10:00,URLLC_eMBB_MIX,178289.1237084218,5912232.744944354,32246923.873846848,0.0023771883161122906,0.07882976993259139,0.4299589849846246
2024-07-12 20:10:00,eMBB,3563176.1848309757,53663721.77256349,966395684.2230141,0.04750901579774634,0.7155162903008464,12.885275789640188
2024-07-12 20:10:00,mMTC,3205.9785068263095,41145.58078023046,195399.67626030027,4.274638009101746e-05,0.0005486077437364062,0.0026053290168040035
2024-07-12 20:20:00,URLLC,0.0,11614.710485972302,1153966.282545301,0.0,0.0001548628064796307,0.015386217100604012
2024-07-12 20:20:00,URLLC_eMBB_MIX,159077.66913142172,5064137.76422824,14887334.895672105,0.002121035588418956,0.06752183685637653,0.1984977986089614
2024-07-12 20:20:00,eMBB,812013.0207339507,39082168.36900965,1101548439.0692945,0.010826840276452676,0.5210955782534621,14.687312520923925
2024-07-12 20:20:00,mMTC,2608.051493994238,47287.18856037818,226461.6013325993,3.4774019919923176e-05,0.000630495847471709,0.0030194880177679905
2024-07-12 20:30:00,URLLC,0.0,8916.021615974969,540385.5426693006,0.0,0.00011888028821299958,0.007205140568924007
2024-07-12 20:30:00,URLLC_eMBB_MIX,236610.4338842068,5547511.0045173215,19080054.02136145,0.0031548057851227573,0.07396681339356428,0.25440072028481936
2024-07-12 20:30:00,eMBB,2068750.2685672333,24559464.413043823,1067852265.8725868,0.02758333691422978,0.327459525507251,14.238030211634491
2024-07-12 20:30:00,mMTC,3263.4222849697894,50309.23923029626,238592.82719959764,4.351229713293053e-05,0.0006707898564039501,0.003181237695994635
2024-07-12 20:40:00,URLLC,0.0,9933.063729832551,768605.6390228379,0.0,0.0001324408497311007,0.010248075186971172
2024-07-12 20:40:00,URLLC_eMBB_MIX,301888.8539640367,6006245.754944792,14286628.763109136,0.004025184719520489,0.08008327673259723,0.19048838350812183
2024-07-12 20:40:00,eMBB,670941.3593063045,50674717.91489295,1283268147.8205836,0.008945884790750726,0.6756629055319059,17.110241970941114
2024-07-12 20:40:00,mMTC,3006.42044455028,38612.20720472977,229419.30855901525,4.008560592733707e-05,0.0005148294293963969,0.0030589241141202035
2024-07-12 20:50:00,URLLC,0.0,7944.28646601125,548061.5455833132,0.0,0.00010592381954681668,0.007307487274444176
2024-07-12 20:50:00,URLLC_eMBB_MIX,144639.09112156727,5077772.085009982,12773761.583147421,0.0019285212149542303,0.06770362780013309,0.17031682110863228
2024-07-12 20:50:00,eMBB,1815377.472162051,60715021.18393846,1190536956.7858813,0.02420503296216068,0.8095336157858462,15.873826090478417
2024-07-12 20:50:00,mMTC,2255.3833811973077,57931.034921409126,200759.35262374431,3.0071778415964103e-05,0.0007724137989521216,0.0026767913683165907
2024-07-12 21:00:00,URLLC,0.0,3955.121124533327,785854.5419736335,0.0,5.2734948327111026e-05,0.010478060559648446
2024-07-12 21:00:00,URLLC_eMBB_MIX,137217.1620491834,4979536.697197355,43279537.21568778,0.0018295621606557787,0.06639382262929806,0.5770604962091704
2024-07-12 21:00:00,eMBB,7530522.374647995,126952892.18287063,1175261406.4588299,0.10040696499530662,1.6927052291049418,15.670152086117731
2024-07-12 21:00:00,mMTC,1401.618876581166,38230.01975337679,220385.56902405113,1.868825168774888e-05,0.0005097335967116905,0.0029384742536540153
2024-07-12 21:10:00,URLLC,0.0,17489.024947212118,408807.50752458576,0.0,0.00023318699929616155,0.005450766766994477
2024-07-12 21:10:00,URLLC_eMBB_MIX,148818.1586771615,5682789.972923004,143511362.42774457,0.0019842421156954864,0.07577053297230672,1.9134848323699276
2024-07-12 21:10:00,eMBB,746519.7081230788,105029119.22942264,1062890251.0432783,0.009953596108307719,1.400388256392302,14.171870013910377
2024-07-12 21:10:00,mMTC,5655.198098202459,43864.52089603497,236596.83025876567,7.540264130936612e-05,0.0005848602786137995,0.003154624403450209
2024-07-12 21:20:00,URLLC,0.0,11754.872505024536,639982.6284122374,0.0,0.00015673163340032716,0.008533101712163165
2024-07-12 21:20:00,URLLC_eMBB_MIX,132438.71318228965,4844059.814452893,19524123.825410966,0.0017658495090971953,0.06458746419270524,0.26032165100547955
2024-07-12 21:20:00,eMBB,8474277.809967462,151379822.71451765,1210535946.5311167,0.11299037079956616,2.0183976361935687,16.140479287081558
2024-07-12 21:20:00,mMTC,1495.5499960279285,36081.042053514466,219893.4388649966,1.9940666613705712e-05,0.0004810805607135262,0.002931912518199955
2024-07-12 21:30:00,URLLC,0.0,4642.46215532185,397362.172270902,0.0,6.189949540429133e-05,0.00529816229694536
2024-07-12 21:30:00,URLLC_eMBB_MIX,264846.7758053506,6245989.065670573,98293422.6330675,0.0035312903440713416,0.08327985420894098,1.3105789684409002
2024-07-12 21:30:00,eMBB,29689247.677469973,85707315.20448133,1404002631.4198098,0.3958566356995996,1.1427642027264178,18.720035085597463
2024-07-12 21:30:00,mMTC,2967.885396074734,40632.40664992315,230872.0295810687,3.957180528099646e-05,0.0005417654219989753,0.0030782937277475824
2024-07-12 21:40:00,URLLC,0.0,5368.394350619119,1036697.2144592397,0.0,7.157859134158826e-05,0.013822629526123197
2024-07-12 21:40:00,URLLC_eMBB_MIX,207744.31795582414,5428546.179617529,50449554.52426447,0.0027699242394109884,0.07238061572823372,0.6726607269901929
2024-07-12 21:40:00,eMBB,5483980.594683731,42522987.79359893,1100588379.8911545,0.07311974126244976,0.566973170581319,14.67451173188206
2024-07-12 21:40:00,mMTC,3579.858310801922,44934.650911536155,230112.46199623327,4.773144414402563e-05,0.000599128678820482,0.003068166159949777
2024-07-12 21:50:00,URLLC,0.0,5527.161659189394,340234.54901986104,0.0,7.369548878919193e-05,0.004536460653598148
2024-07-12 21:50:00,URLLC_eMBB_MIX,245164.6473413935,6050029.051833045,63388198.86390355,0.0032688619645519132,0.0806670540244406,0.8451759848520474
2024-07-12 21:50:00,eMBB,1010468.3796800715,24106682.303156193,1245923752.086385,0.013472911729067621,0.3214224307087492,16.612316694485134
2024-07-12 21:50:00,mMTC,5690.507529558738,37321.788265300216,224357.50367519286,7.587343372744984e-05,0.0004976238435373362,0.0029914333823359046
2024-07-13 16:00:00,URLLC,0.0,7529.543126687678,188729.47074977373,0.0,0.00010039390835583571,0.0025163929433303163
2024-07-13 16:00:00,URLLC_eMBB_MIX,238649.63943314765,4935583.535164001,18957026.07647372,0.003181995192441969,0.06580778046885336,0.2527603476863163
2024-07-13 16:00:00,eMBB,6508372.636740365,17702731.706385333,969927305.3371514,0.08677830182320487,0.23603642275180445,12.932364071162018
2024-07-13 16:00:00,mMTC,2907.3062905652278,53622.848790625976,262307.178903119,3.876408387420304e-05,0.0007149713172083464,0.0034974290520415866
2024-07-13 16:10:00,URLLC,0.0,8461.46944684578,353989.78880994313,0.0,0.00011281959262461041,0.004719863850799242
2024-07-13 16:10:00,URLLC_eMBB_MIX,319999.0649051844,4948562.357166238,22660823.70014892,0.004266654198735792,0.06598083142888317,0.3021443160019856
2024-07-13 16:10:00,eMBB,1104636.4668547688,25770275.78800827,1020954932.3303391,0.01472848622473025,0.3436036771734436,13.612732431071189
2024-07-13 16:10:00,mMTC,11423.196025125768,55784.76658049447,229791.438157014,0.00015230928033501025,0.0007437968877399263,0.00306388584209352
2024-07-13 16:20:00,URLLC,0.0,10904.577880517701,282078.70525852067,0.0,0.000145394371740236,0.003761049403446942
2024-07-13 16:20:00,URLLC_eMBB_MIX,302371.75345666026,5065202.152916576,386487911.3671297,0.004031623379422137,0.06753602870555435,5.153172151561729
2024-07-13 16:20:00,eMBB,983741.0193271544,48331187.05730931,893481568.9066976,0.013116546924362059,0.6444158274307907,11.913087585422636
2024-07-13 16:20:00,mMTC,5589.42668133457,48338.70378892809,264692.8550204998,7.452568908446094e-05,0.0006445160505190411,0.003529238066939997
2024-07-13 16:30:00,URLLC,0.0,6853.235273327261,451949.8128889426,0.0,9.137647031103015e-05,0.006025997505185901
2024-07-13 16:30:00,URLLC_eMBB_MIX,307053.7622601621,5201409.6905067405,30171232.63469796,0.004094050163468828,0.06935212920675654,0.40228310179597276
2024-07-13 16:30:00,eMBB,1030276.6806449449,45613465.833763435,957676177.3725786,0.013737022408599265,0.6081795444501791,12.769015698301049
2024-07-13 16:30:00,mMTC,8376.312672349683,55785.33504258107,256121.16343950506,0.00011168416896466243,0.0007438044672344143,0.0034149488458600674
2024-07-13 16:40:00,URLLC,0.0,6932.604400178888,363321.81757563364,0.0,9.243472533571849e-05,0.004844290901008449
2024-07-13 16:40:00,URLLC_eMBB_MIX,181341.4039131452,4623996.815803298,11358157.839464065,0.0024178853855086027,0.0616532908773773,0.15144210452618753
2024-07-13 16:40:00,eMBB,1173208.9084024837,23030621.804624718,1090888651.1396723,0.015642785445366448,0.30707495739499624,14.54518201519563
2024-07-13 16:40:00,mMTC,2155.7555232843156,59706.26243299988,281697.0110829213,2.874340697712421e-05,0.000796083499106665,0.003755960147772284
2024-07-13 16:50:00,URLLC,0.0,58995.52708381893,523503.7195471365,0.0,0.0007866070277842524,0.00698004959396182
2024-07-13 16:50:00,URLLC_eMBB_MIX,298273.0270897167,4883701.755084778,9781348.853341738,0.003976973694529556,0.06511602340113037,0.13041798471122318
2024-07-13 16:50:00,eMBB,2093352.332459452,46948991.667542264,1042208575.1416075,0.027911364432792695,0.6259865555672303,13.896114335221434
2024-07-13 16:50:00,mMTC,5508.429467893018,53902.381157098695,212255.03083672185,7.344572623857358e-05,0.0007186984154279826,0.002830067077822958
2024-07-13 17:00:00,URLLC,0.0,7130.1348682692515,250829.38958416312,0.0,9.506846491025667e-05,0.003344391861122175
2024-07-13 17:00:00,URLLC_eMBB_MIX,157752.3986256895,5402189.005342487,14091047.875426447,0.002103365315009193,0.07202918673789983,0.1878806383390193
2024-07-13 17:00:00,eMBB,2068618.9672785723,21694289.120080445,975624102.0283593,0.027581586230380963,0.2892571882677393,13.008321360378124
2024-07-13 17:00:00,mMTC,6563.530728694378,52982.75483614258,218661.44890997504,8.751374304925838e-05,0.0007064367311485676,0.0029154859854663337
2024-07-13 17:10:00,URLLC,0.0,8590.263782892192,261833.99784240892,0.0,0.00011453685043856256,0.003491119971232119
2024-07-13 17:10:00,URLLC_eMBB_MIX,344821.41867314046,5186802.790856004,60200313.979168795,0.0045976189156418735,0.06915737054474672,0.8026708530555839
2024-07-13 17:10:00,eMBB,782445.2840685571,61585873.321778946,906936045.7742845,0.010432603787580761,0.8211449776237193,12.092480610323792
2024-07-13 17:10:00,mMTC,2800.9505072842167,50185.85709334537,266208.7286153471,3.734600676378955e-05,0.0006691447612446049,0.003549449714871295
2024-07-13 17:20:00,URLLC,0.0,29916.945892961503,537060.3863270113,0.0,0.0003988926119061534,0.007160805151026817
2024-07-13 17:20:00,URLLC_eMBB_MIX,176116.15871175475,5318734.853816325,38188442.266483516,0.002348215449490063,0.070916464717551,0.5091792302197803
2024-07-13 17:20:00,eMBB,16620488.177429428,54795866.591162756,1202590928.9724102,0.22160650903239237,0.7306115545488368,16.034545719632135
2024-07-13 17:20:00,mMTC,2910.9939182763214,47072.27843439837,282934.0193861779,3.881325224368429e-05,0.0006276303791253116,0.003772453591815705
2024-07-13 17:30:00,URLLC,0.0,7587.154664081497,336433.7380285737,0.0,0.0001011620621877533,0.004485783173714316
2024-07-13 17:30:00,URLLC_eMBB_MIX,152721.7634941477,4724926.671380387,17680678.92455879,0.0020362901799219693,0.06299902228507182,0.23574238566078384
2024-07-13 17:30:00,eMBB,1271002.8965577565,32011302.16963183,1275728792.831753,0.016946705287436754,0.42681736226175776,17.009717237756707
2024-07-13 17:30:00,mMTC,3982.41962790422,45997.64775626938,275801.04524449015,5.3098928372056265e-05,0.0006133019700835917,0.003677347269926535
2024-07-13 17:40:00,URLLC,0.0,9028.761857916506,322498.5364247493,0.0,0.00012038349143888675,0.004299980485663324
2024-07-13 17:40:00,URLLC_eMBB_MIX,442157.80398763646,5001457.74690236,30832430.987212814,0.00589543738650182,0.06668610329203147,0.41109907982950417
2024-07-13 17:40:00,eMBB,398043.5658623332,125666901.08669002,870407782.2512525,0.00530724754483111,1.675558681155867,11.605437096683366
2024-07-13 17:40:00,mMTC,2634.597764115661,45366.106004562425,278906.10783336207,3.5127970188208814e-05,0.0006048814133941656,0.003718748104444828
2024-07-13 17:50:00,URLLC,0.0,7163.92700686846,486208.433336168,0.0,9.551902675824612e-05,0.006482779111148907
2024-07-13 17:50:00,URLLC_eMBB_MIX,242478.13458324963,4765914.006669092,17024499.852477852,0.0032330417944433283,0.06354552008892123,0.22699333136637137
2024-07-13 17:50:00,eMBB,749801.5963665412,229804866.90603575,1327506341.1369426,0.00999735461822055,3.0640648920804767,17.70008454849257
2024-07-13 17:50:00,mMTC,8407.945727658682,46285.39087933445,239611.7314676275,0.00011210594303544909,0.0006171385450577928,0.0031948230862350333
2024-07-13 18:00:00,URLLC,0.0,12193.781323375564,333799.19077125716,0.0,0.00016258375097834085,0.004450655876950095
2024-07-13 18:00:00,URLLC_eMBB_MIX,262040.60568579182,5114557.660830224,31157591.78103456,0.003493874742477224,0.068194102144403,0.4154345570804608
2024-07-13 18:00:00,eMBB,4899982.804468425,28282696.413220704,1218015872.717984,0.065333104059579,0.3771026188429427,16.240211636239785
2024-07-13 18:00:00,mMTC,7959.902990913239,59381.440433487405,256005.54037088514,0.00010613203987884318,0.0007917525391131654,0.0034134072049451353
2024-07-13 18:10:00,URLLC,0.0,4984.724972915264,261608.49461923155,0.0,6.646299963887019e-05,0.003488113261589754
2024-07-13 18:10:00,URLLC_eMBB_MIX,298909.1808641379,5224184.658091366,61148722.76402551,0.003985455744855172,0.06965579544121822,0.8153163035203401
2024-07-13 18:10:00,eMBB,1280280.3385790577,63493245.079403654,1097330855.8740513,0.017070404514387436,0.8465766010587154,14.631078078320684
2024-07-13 18:10:00,mMTC,4894.168107833469,49545.85481985745,271674.1828293824,6.525557477111292e-05,0.0006606113975980993,0.003622322437725099
2024-07-13 18:20:00,URLLC,0.0,50942.972301590664,100827.40971343406,0.0,0.0006792396306878755,0.0013443654628457872
2024-07-13 18:20:00,URLLC_eMBB_MIX,88994.27564993736,5325541.993126032,101905114.54529451,0.0011865903419991648,0.07100722657501377,1.3587348606039267
2024-07-13 18:20:00,eMBB,194.89085775990674,251242021.13194752,932262722.7106223,2.5985447701320895e-06,3.349893615092634,12.43016963614163
2024-07-13 18:20:00,mMTC,2720.866330276926,52238.85181754799,244462.68524182955,3.6278217737025676e-05,0.0006965180242339731,0.0032595024698910606
2024-07-13 18:30:00,URLLC,0.0,12041.865932247161,375879.77307299175,0.0,0.00016055821242996215,0.00501173030763989
2024-07-13 18:30:00,URLLC_eMBB_MIX,255646.588331457,4793803.8153645815,157874425.2338774,0.00340862117775276,0.0639173842048611,2.1049923364516987
2024-07-13 18:30:00,eMBB,2803638.581919278,46701338.97635058,1504778187.3205006,0.03738184775892371,0.6226845196846744,20.06370916427334
2024-07-13 18:30:00,mMTC,9447.635623956312,53169.774251176,260419.86192992737,0.00012596847498608417,0.0007089303233490133,0.003472264825732365
2024-07-13 18:40:00,URLLC,0.0,26669.46101907995,761909.1414858361,0.0,0.00035559281358773267,0.01015878855314448
2024-07-13 18:40:00,URLLC_eMBB_MIX,265650.3521157057,5134149.77957662,12788170.649808357,0.0035420046948760765,0.06845533039435495,0.17050894199744476
2024-07-13 18:40:00,eMBB,659348.8532662158,28565751.645400755,973859967.4766047,0.008791318043549544,0.3808766886053434,12.984799566354729
2024-07-13 18:40:00,mMTC,3537.9791839525305,49783.42179599008,245039.67114179154,4.717305578603374e-05,0.0006637789572798676,0.003267195615223887
2024-07-13 18:50:00,URLLC,0.0,7354.094447091735,488603.5281900745,0.0,9.80545926278898e-05,0.006514713709200993
2024-07-13 18:50:00,URLLC_eMBB_MIX,120690.9068621709,4853433.025886622,14307041.07342682,0.001609212091495612,0.06471244034515497,0.19076054764569095
2024-07-13 18:50:00,eMBB,2.632840499472273,6431323.249258762,1242752541.0457726,3.510453999296364e-08,0.08575097665678351,16.5700338806103
2024-07-13 18:50:00,mMTC,983.4098720330651,38882.61720852512,260357.0785775361,1.3112131627107533e-05,0.0005184348961136682,0.003471427714367148
2024-07-13 19:00:00,URLLC,0.0,4905.307533902619,226621.33521062037,0.0,6.540410045203493e-05,0.003021617802808272
2024-07-13 19:00:00,URLLC_eMBB_MIX,37561.43514048553,3945505.133240364,132291470.88170914,0.0005008191352064738,0.05260673510987152,1.7638862784227884
2024-07-13 19:00:00,eMBB,117092.25214982191,16111968.987168178,1066827442.8018483,0.0015612300286642921,0.21482625316224238,14.224365904024644
2024-07-13 19:00:00,mMTC,3342.2800974995966,50006.00389442814,276530.2468397312,4.456373463332795e-05,0.0006667467185923752,0.0036870699578630825
2024-07-13 19:10:00,URLLC,0.0,12147.68945011172,224555.39523476144,0.0,0.00016196919266815626,0.0029940719364634862
2024-07-13 19:10:00,URLLC_eMBB_MIX,404170.83177658555,5620087.992503735,92709903.97550867,0.005388944423687807,0.07493450656671648,1.2361320530067825
2024-07-13 19:10:00,eMBB,1059759.4228682553,37295042.37807578,1072684578.3427324,0.014130125638243405,0.49726723170767706,14.302461044569766
2024-07-13 19:10:00,mMTC,4134.546986454504,54946.19336651848,249892.435500805,5.512729315272672e-05,0.0007326159115535797,0.003331899140010733
2024-07-13 19:20:00,URLLC,0.0,8472.076270640888,277470.8946141592,0.0,0.0001129610169418785,0.003699611928188789
2024-07-13 19:20:00,URLLC_eMBB_MIX,389303.8634493848,5492064.707344678,36507805.659018174,0.0051907181793251315,0.07322752943126237,0.48677074212024235
2024-07-13 19:20:00,eMBB,1389732.2445935875,245641958.3784848,948912639.9661185,0.018529763261247834,3.2752261117131303,12.65216853288158
2024-07-13 19:20:00,mMTC,2705.8538201512374,47347.10521595277,238054.20932973127,3.6078050935349826e-05,0.0006312947362127036,0.003174056124396417
2024-07-13 19:30:00,URLLC,0.0,6943.318325024795,408590.89889673877,0.0,9.257757766699728e-05,0.005447878651956517
2024-07-13 19:30:00,URLLC_eMBB_MIX,283968.1940121897,4805196.994672421,25228379.179733306,0.003786242586829196,0.06406929326229896,0.33637838906311074
2024-07-13 19:30:00,eMBB,593354.7545855656,58845186.65016149,1052675457.0466528,0.007911396727807543,0.7846024886688199,14.035672760622038
2024-07-13 19:30:00,mMTC,4774.559764205591,51634.24039552076,266639.4094497018,6.366079685607454e-05,0.0006884565386069435,0.0035551921259960235
2024-07-13 19:40:00,URLLC,0.0,19933.915472380366,460703.1718582568,0.0,0.0002657855396317382,0.006142708958110091
2024-07-13 19:40:00,URLLC_eMBB_MIX,294256.8216785239,4848626.490870413,569345951.7581412,0.003923424289046985,0.06464835321160552,7.591279356775216
2024-07-13 19:40:00,eMBB,733535.5632116005,15205730.217517415,953910377.7554815,0.009780474176154673,0.20274306956689886,12.718805036739754
2024-07-13 19:40:00,mMTC,6977.930270502099,49534.540744198806,223951.40887528824,9.303907027336132e-05,0.0006604605432559841,0.002986018785003843
2024-07-13 19:50:00,URLLC,0.0,9349.632809372475,385319.24985615816,0.0,0.000124661770791633,0.005137589998082109
2024-07-13 19:50:00,URLLC_eMBB_MIX,157683.52857496348,4829131.533847728,68466357.86484422,0.0021024470476661795,0.06438842045130304,0.9128847715312562
2024-07-13 19:50:00,eMBB,73015609.76603208,76980535.78710407,1060974673.8874522,0.9735414635470945,1.0264071438280542,14.14632898516603
2024-07-13 19:50:00,mMTC,3064.828187255998,35775.62557546516,204524.6151832314,4.086437583007997e-05,0.00047700834100620213,0.002726994869109752
2024-07-13 20:00:00,URLLC,0.0,18117.33356688511,329093.59262968233,0.0,0.00024156444755846814,0.004387914568395764
2024-07-13 20:00:00,URLLC_eMBB_MIX,427922.0527938439,5581212.327181031,15495232.01920672,0.005705627370584585,0.07441616436241374,0.20660309358942294
2024-07-13 20:00:00,eMBB,7111921.193921058,231246139.986473,1181133396.3425677,0.09482561591894745,3.0832818664863066,15.748445284567568
2024-07-13 20:00:00,mMTC,8686.515765904092,57438.41358143033,221703.1899028547,0.00011582021021205456,0.0007658455144190711,0.0029560425320380628
2024-07-13 20:10:00,URLLC,0.0,8833.85833263484,239093.81173708476,0.0,0.00011778477776846454,0.003187917489827797
2024-07-13 20:10:00,URLLC_eMBB_MIX,282107.69509127823,5976246.57061622,63721400.78541833,0.0037614359345503764,0.07968328760821627,0.8496186771389111
2024-07-13 20:10:00,eMBB,2263812.097406156,37149612.63568711,853711389.0999298,0.030184161298748746,0.49532816847582817,11.382818521332398
2024-07-13 20:10:00,mMTC,2990.0891842390183,51651.22299242272,248570.01751833316,3.986785578985358e-05,0.0006886829732323029,0.003314266900244442
2024-07-13 20:20:00,URLLC,0.0,32237.56539829314,510283.8479623587,0.0,0.0004298342053105752,0.006803784639498116
2024-07-13 20:20:00,URLLC_eMBB_MIX,127716.2997708914,4651071.432532652,10558132.607085038,0.0017028839969452187,0.06201428576710203,0.1407751014278005
2024-07-13 20:20:00,eMBB,451893.2229008231,20727515.89917521,1101200590.0474858,0.006025242972010975,0.2763668786556695,14.682674533966479
2024-07-13 20:20:00,mMTC,3527.779611761553,42613.599661294975,246250.13317088565,4.703706149015404e-05,0.0005681813288172663,0.003283335108945142
2024-07-13 20:30:00,URLLC,0.0,9747.030702872551,302297.99241227296,0.0,0.000129960409371634,0.004030639898830306
2024-07-13 20:30:00,URLLC_eMBB_MIX,323641.00803247216,5442783.075478425,29422888.5900339,0.004315213440432962,0.072570441006379,0.392305181200452
2024-07-13 20:30:00,eMBB,537175.6293647856,16738317.150144838,1119931481.294706,0.007162341724863808,0.22317756200193117,14.932419750596083
2024-07-13 20:30:00,mMTC,5160.963490474581,51563.56405585454,254151.521681641,6.881284653966107e-05,0.0006875141874113939,0.003388686955755213
2024-07-13 20:40:00,URLLC,0.0,19063.211408414314,310109.8950376551,0.0,0.00025417615211219084,0.004134798600502068
2024-07-13 20:40:00,URLLC_eMBB_MIX,509288.77639290155,5087750.037051527,60616448.99727664,0.006790517018572021,0.06783666716068702,0.8082193199636885
2024-07-13 20:40:00,eMBB,1756178.6997583334,41923440.326298885,1541224559.5180147,0.02341571599677778,0.5589792043506518,20.54966079357353
2024-07-13 20:40:00,mMTC,2878.469943856088,40623.53330425272,259229.3328439829,3.83795992514145e-05,0.0005416471107233695,0.003456391104586439
2024-07-13 20:50:00,URLLC,0.0,10454.660637561235,363315.1069444494,0.0,0.00013939547516748314,0.004844201425925993
2024-07-13 20:50:00,URLLC_eMBB_MIX,142435.32587906075,5614252.817922669,18315081.782440517,0.0018991376783874766,0.07485670423896892,0.24420109043254024
2024-07-13 20:50:00,eMBB,841900.1738579308,46609036.20021098,1232484730.233826,0.011225335651439078,0.621453816002813,16.43312973645101
2024-07-13 20:50:00,mMTC,2912.6494777721505,45031.88314234874,256357.16615167796,3.883532637029534e-05,0.0006004251085646499,0.0034180955486890394
2024-07-13 21:00:00,URLLC,0.0,6460.047513204356,346415.64742976986,0.0,8.613396684272475e-05,0.004618875299063598
2024-07-13 21:00:00,URLLC_eMBB_MIX,157499.52908961318,4873146.296662849,93246980.70448878,0.002099993721194842,0.06497528395550466,1.2432930760598504
2024-07-13 21:00:00,eMBB,18959387.692781582,28605666.10688428,1090586235.639145,0.2527918359037544,0.38140888142512375,14.541149808521933
2024-07-13 21:00:00,mMTC,3513.661348216108,42252.75948497941,215199.9214872603,4.6848817976214766e-05,0.0005633701264663923,0.002869332286496804
2024-07-13 21:10:00,URLLC,0.0,10164.899108237014,432058.21021971584,0.0,0.00013553198810982683,0.005760776136262878
2024-07-13 21:10:00,URLLC_eMBB_MIX,302614.37986984814,4856264.289825773,320034688.5720258,0.004034858398264642,0.0647501905310103,4.267129180960343
2024-07-13 21:10:00,eMBB,427158.49473014125,31699224.454932217,1125586605.8886542,0.0056954465964018835,0.4226563260657629,15.007821411848724
2024-07-13 21:10:00,mMTC,2592.671032618772,38132.13969384336,230371.4365737976,3.4568947101583634e-05,0.0005084285292512448,0.0030716191543173014
2024-07-13 21:20:00,URLLC,0.0,9480.994536042337,448735.0222128782,0.0,0.0001264132604805645,0.005983133629505043
2024-07-13 21:20:00,URLLC_eMBB_MIX,185644.32415226992,5087245.399035283,12123806.236113867,0.002475257655363599,0.06782993865380378,0.16165074981485156
2024-07-13 21:20:00,eMBB,891308.8250458557,128401853.61455083,1170411991.6537657,0.011884117667278076,1.7120247148606778,15.605493222050209
2024-07-13 21:20:00,mMTC,2789.7009329757357,46690.28778594989,249447.01595512795,3.7196012439676474e-05,0.0006225371704793319,0.0033259602127350394
2024-07-13 21:30:00,URLLC,0.0,5613.773050600785,334077.5387292395,0.0,7.48503073413438e-05,0.004454367183056526
2024-07-13 21:30:00,URLLC_eMBB_MIX,244693.19187341435,5161810.919490174,237150286.01075757,0.0032625758916455245,0.06882414559320232,3.162003813476767
2024-07-13 21:30:00,eMBB,727365.3408554923,17823812.13094881,1177431679.797017,0.009698204544739897,0.2376508284126508,15.699089063960228
2024-07-13 21:30:00,mMTC,3569.0699709417904,51813.89841608054,258114.65051831666,4.758759961255721e-05,0.0006908519788810739,0.0034415286735775554
2024-07-13 21:40:00,URLLC,0.0,13152.610885099157,488727.40893951687,0.0,0.00017536814513465543,0.0065163654525268915
2024-07-13 21:40:00,URLLC_eMBB_MIX,226774.39486310355,5127028.812857491,229916027.4787843,0.003023658598174714,0.06836038417143321,3.065547033050457
2024-07-13 21:40:00,eMBB,1495206.7734684923,171841520.5537138,1091505300.982023,0.01993609031291323,2.2912202740495173,14.553404013093639
2024-07-13 21:40:00,mMTC,5212.150542467654,40029.31491909546,296925.42734237626,6.949534056623538e-05,0.0005337241989212728,0.00395900569789835
2024-07-13 21:50:00,URLLC,0.0,11928.311541969859,389617.90448983567,0.0,0.00015904415389293147,0.005194905393197809
2024-07-13 21:50:00,URLLC_eMBB_MIX,203792.9847901868,4714650.614689977,32351036.76839307,0.0027172397972024904,0.06286200819586636,0.4313471569119076
2024-07-13 21:50:00,eMBB,557349.0400351082,42549827.06816973,951898650.7174112,0.007431320533801443,0.5673310275755964,12.691982009565482
2024-07-13 21:50:00,mMTC,3301.2882202766605,42702.02260412014,272138.4092804955,4.401717627035547e-05,0.0005693603013882686,0.0036285121237399397
2024-07-14 16:00:00,URLLC,0.0,5304.671148412535,456625.73637017066,0.0,7.072894864550047e-05,0.006088343151602275
2024-07-14 16:00:00,URLLC_eMBB_MIX,328777.923353695,5355212.620649184,40403637.01490297,0.004383705644715934,0.07140283494198911,0.5387151601987064
2024-07-14 16:00:00,eMBB,1768959.3470623158,16554349.872760866,865484598.1361958,0.023586124627497547,0.2207246649701449,11.539794641815943
2024-07-14 16:00:00,mMTC,4585.987521695839,69162.44944072036,247967.7712481857,6.114650028927785e-05,0.0009221659925429382,0.003306236949975809
2024-07-14 16:10:00,URLLC,0.0,8015.183885860757,462741.14790306316,0.0,0.00010686911847814343,0.006169881972040842
2024-07-14 16:10:00,URLLC_eMBB_MIX,372882.40287820896,5598760.02263227,21846692.175617076,0.004971765371709453,0.07465013363509694,0.2912892290082277
2024-07-14 16:10:00,eMBB,882973.6933718354,43167409.645895585,906590060.5535719,0.01177298257829114,0.5755654619452745,12.087867474047625
2024-07-14 16:10:00,mMTC,8003.403239647614,61069.02662708189,265639.705876639,0.00010671204319530152,0.0008142536883610919,0.0035418627450218535
2024-07-14 16:20:00,URLLC,0.0,3824.2798026330097,327367.0779674691,0.0,5.0990397368440125e-05,0.004364894372899588
2024-07-14 16:20:00,URLLC_eMBB_MIX,271480.1341910841,5011279.13032767,359796308.5937402,0.0036197351225477877,0.06681705507103561,4.797284114583203
2024-07-14 16:20:00,eMBB,17508126.868051298,20913825.98984525,863683231.0401715,0.2334416915740173,0.27885101319793665,11.515776413868952
2024-07-14 16:20:00,mMTC,8390.180573633621,65925.24545094978,251600.8048740556,0.00011186907431511494,0.0008790032726793303,0.0033546773983207413
2024-07-14 16:30:00,URLLC,0.0,5213.52107211347,297338.4302736794,0.0,6.951361429484627e-05,0.0039645124036490585
2024-07-14 16:30:00,URLLC_eMBB_MIX,151487.4101674988,5243939.363784006,11530864.581440702,0.002019832135566651,0.06991919151712009,0.15374486108587604
2024-07-14 16:30:00,eMBB,2582388.1737559717,39702795.78290608,1024652793.8259137,0.03443184231674629,0.5293706104387477,13.662037251012181
2024-07-14 16:30:00,mMTC,7852.071850620407,86172.24488742504,312321.2352742433,0.00010469429134160542,0.0011489632651656672,0.00416428313698991
2024-07-14 16:40:00,URLLC,0.0,6252.916083895407,282464.4032720734,0.0,8.337221445193877e-05,0.0037661920436276456
2024-07-14 16:40:00,URLLC_eMBB_MIX,299874.9173795435,5786090.268408615,57380064.06145263,0.003998332231727246,0.0771478702454482,0.7650675208193684
2024-07-14 16:40:00,eMBB,1888022.804739763,28649805.03171502,1123709983.3153415,0.025173637396530175,0.3819974004228669,14.982799777537886
2024-07-14 16:40:00,mMTC,997.1672309945245,66351.80284542196,267406.436095414,1.3295563079926995e-05,0.0008846907046056262,0.0035654191479388532
2024-07-14 16:50:00,URLLC,0.0,8320.383750917143,586965.8916308233,0.0,0.00011093845001222857,0.007826211888410976
2024-07-14 16:50:00,URLLC_eMBB_MIX,262017.04351859994,4919108.771827534,12341300.91022579,0.003493560580247999,0.06558811695770045,0.16455067880301052
2024-07-14 16:50:00,eMBB,979023.7077898058,30960033.253091007,906108401.3856119,0.01305364943719741,0.41280044337454674,12.081445351808158
2024-07-14 16:50:00,mMTC,9417.561000198806,80315.84845165073,260604.85127439996,0.00012556748000265076,0.0010708779793553432,0.0034747313503253325
2024-07-14 17:00:00,URLLC,0.0,19231.29205492608,252913.94026028865,0.0,0.0002564172273990144,0.003372185870137182
2024-07-14 17:00:00,URLLC_eMBB_MIX,159175.05621295844,5728892.68915444,18003192.449767172,0.002122334082839446,0.07638523585539253,0.24004256599689563
2024-07-14 17:00:00,eMBB,16084984.071160221,177025100.58201587,1197714362.7133,0.2144664542821363,2.3603346744268783,15.969524836177332
2024-07-14 17:00:00,mMTC,6981.317048622187,48290.88107094116,237442.69001982006,9.308422731496249e-05,0.0006438784142792155,0.0031659025335976005
2024-07-14 17:10:00,URLLC,0.0,4785.367978450214,565638.2103048811,0.0,6.380490637933618e-05,0.007541842804065082
2024-07-14 17:10:00,URLLC_eMBB_MIX,267247.167067379,5631962.0198662635,42414524.25565714,0.0035632955608983865,0.07509282693155019,0.5655269900754285
2024-07-14 17:10:00,eMBB,565379.284909042,119255563.52386354,877099159.2681102,0.007538390465453893,1.5900741803181804,11.694655456908135
2024-07-14 17:10:00,mMTC,3956.655309533079,64973.022703769544,266655.9699777835,5.2755404127107727e-05,0.000866306969383594,0.0035554129330371133
2024-07-14 17:20:00,URLLC,0.0,4220.837356030362,468403.22923511494,0.0,5.627783141373815e-05,0.006245376389801533
2024-07-14 17:20:00,URLLC_eMBB_MIX,215734.3451466215,4902841.265800244,22782243.682913147,0.0028764579352882867,0.06537121687733659,0.3037632491055086
2024-07-14 17:20:00,eMBB,1000781.1987919497,83962178.0480472,1004821222.2542543,0.013343749317225994,1.1194957073072962,13.397616296723392
2024-07-14 17:20:00,mMTC,5654.918651066599,45581.80069901219,273660.22691418126,7.539891534755464e-05,0.0006077573426534959,0.0036488030255224166
2024-07-14 17:30:00,URLLC,0.0,6472.885947857457,538129.966613155,0.0,8.630514597143276e-05,0.007175066221508733
2024-07-14 17:30:00,URLLC_eMBB_MIX,289685.69271579274,4858605.6698084045,66953880.30058993,0.0038624759028772363,0.06478140893077873,0.8927184040078657
2024-07-14 17:30:00,eMBB,3762775.5513882674,29481820.25689489,1046966429.3364426,0.050170340685176895,0.3930909367585985,13.959552391152569
2024-07-14 17:30:00,mMTC,3798.3831181950895,66758.5730068461,288078.6580069712,5.0645108242601196e-05,0.0008901143067579479,0.0038410487734262823
2024-07-14 17:40:00,URLLC,0.0,2966.526755946107,637127.7742366205,0.0,3.955369007928143e-05,0.008495036989821608
2024-07-14 17:40:00,URLLC_eMBB_MIX,433747.108871949,5532370.17555869,12086309.838015977,0.00578329478495932,0.07376493567411586,0.16115079784021302
2024-07-14 17:40:00,eMBB,379895.3836635484,156242132.94851983,917799825.1024445,0.0050652717821806454,2.0832284393135976,12.237331001365927
2024-07-14 17:40:00,mMTC,5071.180402479966,71022.2211591339,323048.796418446,6.761573869973288e-05,0.000946962948788452,0.00430731728557928
2024-07-14 17:50:00,URLLC,0.0,5463.332477142685,666041.7958404993,0.0,7.284443302856913e-05,0.008880557277873324
2024-07-14 17:50:00,URLLC_eMBB_MIX,408952.25320524897,4982021.079191389,20854420.547544777,0.00545269670940332,0.06642694772255185,0.2780589406339304
2024-07-14 17:50:00,eMBB,771916.5164051729,84676279.86629446,1231197491.161485,0.010292220218735638,1.1290170648839262,16.4159665488198
2024-07-14 17:50:00,mMTC,9755.577493477762,52916.129209844315,251110.96239852216,0.00013007436657970348,0.0007055483894645909,0.003348146165313629
2024-07-14 18:00:00,URLLC,0.0,4612.0447533728775,469471.8596045904,0.0,6.14939300449717e-05,0.006259624794727871
2024-07-14 18:00:00,URLLC_eMBB_MIX,384722.13551663683,4995876.961833922,74443267.43678567,0.005129628473555158,0.0666116928244523,0.9925768991571423
2024-07-14 18:00:00,eMBB,6756684.711400151,132701124.48037848,1040345476.8599646,0.09008912948533535,1.7693483264050462,13.871273024799528
2024-07-14 18:00:00,mMTC,8925.839391335654,71325.92630575156,273846.41031058703,0.00011901119188447538,0.0009510123507433542,0.003651285470807827
2024-07-14 18:10:00,URLLC,0.0,9412.0753072607,762731.0287160287,0.0,0.00012549433743014267,0.01016974704954705
2024-07-14 18:10:00,URLLC_eMBB_MIX,357212.800997806,5701539.544973638,68387612.22935769,0.004762837346637413,0.07602052726631517,0.9118348297247693
2024-07-14 18:10:00,eMBB,1224086.08665188,32593782.77545519,1054498315.8115001,0.016321147822025067,0.43458377033940254,14.059977544153334
2024-07-14 18:10:00,mMTC,5459.247598333304,64339.5224150093,283366.4909555507,7.27899679777774e-05,0.0008578602988667907,0.0037782198794073423
2024-07-14 18:20:00,URLLC,0.0,2020.3465391565812,779049.0622668532,0.0,2.693795385542108e-05,0.010387320830224709
2024-07-14 18:20:00,URLLC_eMBB_MIX,253197.31104110554,5236764.365533762,99934494.72751969,0.0033759641472147404,0.06982352487378349,1.3324599297002626
2024-07-14 18:20:00,eMBB,141200.02488235343,104147447.54824154,929350853.2167681,0.001882666998431379,1.3886326339765538,12.39134470955691
2024-07-14 18:20:00,mMTC,6795.772271058647,61684.136888743684,305847.9530217802,9.061029694744862e-05,0.0008224551585165824,0.004077972706957069
2024-07-14 18:30:00,URLLC,0.0,25492.752688921482,467237.34658251866,0.0,0.00033990336918561975,0.006229831287766915
2024-07-14 18:30:00,URLLC_eMBB_MIX,258890.01876692128,5854563.209312186,137231310.01406255,0.003451866916892284,0.07806084279082914,1.8297508001875007
2024-07-14 18:30:00,eMBB,1415336.3313197508,30005224.71775429,1139067460.4056299,0.018871151084263342,0.4000696629033905,15.187566138741731
2024-07-14 18:30:00,mMTC,9025.926612275138,60556.48730081511,283891.99835805694,0.00012034568816366849,0.0008074198306775349,0.0037852266447740927
2024-07-14 18:40:00,URLLC,0.0,19168.568111710854,922684.8868664987,0.0,0.00025558090815614473,0.012302465158219984
2024-07-14 18:40:00,URLLC_eMBB_MIX,337149.3170409187,5009037.249438607,22826131.8913808,0.004495324227212249,0.0667871633258481,0.30434842521841066
2024-07-14 18:40:00,eMBB,674721.9472870546,17939368.87762024,979131251.9739786,0.008996292630494061,0.2391915850349365,13.055083359653048
2024-07-14 18:40:00,mMTC,5356.003114304627,65093.07119946527,282770.3096920813,7.141337485739503e-05,0.0008679076159928702,0.0037702707958944173
2024-07-14 18:50:00,URLLC,0.0,1788.8674236801385,290371.38327139907,0.0,2.385156564906851e-05,0.0038716184436186542
2024-07-14 18:50:00,URLLC_eMBB_MIX,127171.48488827178,4572578.65580253,89597754.11329928,0.0016956197985102904,0.0609677154107004,1.194636721510657
2024-07-14 18:50:00,eMBB,5.0281202541399015,17100668.686835524,1046935272.6594317,6.704160338853202e-08,0.22800891582447366,13.959136968792421
2024-07-14 18:50:00,mMTC,3970.080119977061,62742.39525947289,278118.91548980423,5.293440159969414e-05,0.0008365652701263053,0.003708252206530723
2024-07-14 19:00:00,URLLC,0.0,5882.423964616315,538580.8426952967,0.0,7.843231952821754e-05,0.007181077902603956
2024-07-14 19:00:00,URLLC_eMBB_MIX,170236.03438813647,4175776.6450774637,99226200.42330298,0.00226981379184182,0.05567702193436618,1.3230160056440396
2024-07-14 19:00:00,eMBB,244127.33520509457,18551590.568417396,1027331489.7704524,0.0032550311360679276,0.24735454091223194,13.697753196939367
2024-07-14 19:00:00,mMTC,4278.344199634669,65639.783840871,259440.95837820446,5.7044589328462256e-05,0.0008751971178782799,0.0034592127783760595
2024-07-14 19:10:00,URLLC,0.0,5499.540278963278,272060.8735188435,0.0,7.332720371951037e-05,0.00362747831358458
2024-07-14 19:10:00,URLLC_eMBB_MIX,734462.4471021534,5049739.848627139,389832276.30504507,0.009792832628028714,0.06732986464836185,5.197763684067268
2024-07-14 19:10:00,eMBB,1274549.1765839185,39328389.60288805,1016069179.9507935,0.016993989021118913,0.5243785280385074,13.547589066010579
2024-07-14 19:10:00,mMTC,1831.919956742086,50647.10099087682,251044.07314411053,2.442559942322781e-05,0.0006752946798783576,0.0033472543085881403
2024-07-14 19:20:00,URLLC,0.0,6092.905212742945,452041.28719348257,0.0,8.123873616990593e-05,0.006027217162579767
2024-07-14 19:20:00,URLLC_eMBB_MIX,304454.6230296561,4969115.022938592,17446294.366931923,0.004059394973728749,0.06625486697251456,0.23261725822575896
2024-07-14 19:20:00,eMBB,853090.5866739277,53756901.53247114,1022108085.4445844,0.01137454115565237,0.7167586870996152,13.62810780592779
2024-07-14 19:20:00,mMTC,5783.731998306129,60132.71158162899,253965.97877805002,7.711642664408172e-05,0.0008017694877550532,0.0033862130503740004
2024-07-14 19:30:00,URLLC,0.0,1513.0836753414844,607284.5635437398,0.0,2.0174449004553126e-05,0.008097127513916532
2024-07-14 19:30:00,URLLC_eMBB_MIX,245867.11353402163,4976144.043210584,16802889.445826203,0.003278228180453622,0.06634858724280779,0.22403852594434936
2024-07-14 19:30:00,eMBB,660168.7760901682,31918121.666473966,1029208269.8718226,0.008802250347868908,0.42557495555298624,13.722776931624301
2024-07-14 19:30:00,mMTC,6735.519723589492,65690.74221192757,302904.8450161498,8.980692964785989e-05,0.0008758765628257009,0.004038731266881998
2024-07-14 19:40:00,URLLC,0.0,4233.61142200822,690907.7731038369,0.0,5.644815229344293e-05,0.009212103641384492
2024-07-14 19:40:00,URLLC_eMBB_MIX,457279.41870587924,5408843.677539845,550172079.2323093,0.00609705891607839,0.07211791570053128,7.335627723097457
2024-07-14 19:40:00,eMBB,997093.0306100048,24706487.731787205,1048969017.5382863,0.01329457374146673,0.3294198364238294,13.986253567177151
2024-07-14 19:40:00,mMTC,8785.954072493387,80434.05392635176,243670.87019043975,0.00011714605429991182,0.0010724540523513568,0.0032489449358725302
2024-07-14 19:50:00,URLLC,0.0,6417.456053303398,279916.21993444115,0.0,8.556608071071197e-05,0.0037322162657925486
2024-07-14 19:50:00,URLLC_eMBB_MIX,195106.61618762303,4701186.827583516,26094895.023096096,0.002601421549168307,0.06268249103444688,0.3479319336412813
2024-07-14 19:50:00,eMBB,7014127.812544038,94849630.30119222,1096136237.128576,0.09352170416725383,1.2646617373492297,14.615149828381012
2024-07-14 19:50:00,mMTC,5622.858965948805,61499.710425507066,271095.53391807113,7.497145287931739e-05,0.0008199961390067609,0.0036146071189076152
2024-07-14 20:00:00,URLLC,0.0,4080.7145498887603,626270.8428092372,0.0,5.4409527331850136e-05,0.008350277904123163
2024-07-14 20:00:00,URLLC_eMBB_MIX,362292.19991225575,5808358.950482742,11890505.194067718,0.004830562665496744,0.07744478600643655,0.15854006925423625
2024-07-14 20:00:00,eMBB,2733873.629497364,182177374.9047781,1005584673.4590738,0.03645164839329819,2.429031665397041,13.407795646120984
2024-07-14 20:00:00,mMTC,8495.894787589055,77925.10763955854,258294.06054838246,0.00011327859716785407,0.0010390014351941137,0.003443920807311766
2024-07-14 20:10:00,URLLC,0.0,4755.26604081079,222705.00443394427,0.0,6.340354721081053e-05,0.0029694000591192573
2024-07-14 20:10:00,URLLC_eMBB_MIX,263605.6206211328,4993763.156432589,182103867.94139463,0.0035147416082817705,0.06658350875243452,2.4280515725519285
2024-07-14 20:10:00,eMBB,3152636.1497464385,41965810.2016142,949371667.9339378,0.042035148663285844,0.5595441360215226,12.658288905785836
2024-07-14 20:10:00,mMTC,8463.47144831008,57691.82918239653,234812.85451926588,0.00011284628597746772,0.0007692243890986204,0.003130838060256878
2024-07-14 20:20:00,URLLC,0.0,3523.6440586671088,786043.4209206953,0.0,4.6981920782228116e-05,0.01048057894560927
2024-07-14 20:20:00,URLLC_eMBB_MIX,146876.35841123507,4661045.1807608865,10544905.900927976,0.0019583514454831344,0.06214726907681182,0.14059874534570635
2024-07-14 20:20:00,eMBB,980365.8444264457,34211055.07934156,1122877012.2155404,0.013071544592352609,0.4561474010578875,14.971693496207205
2024-07-14 20:20:00,mMTC,6551.702636831384,53844.586395823535,254555.90504115672,8.735603515775177e-05,0.0007179278186109805,0.0033940787338820897
2024-07-14 20:30:00,URLLC,0.0,7831.5506633565765,529618.2202599193,0.0,0.00010442067551142103,0.007061576270132258
2024-07-14 20:30:00,URLLC_eMBB_MIX,382503.44386525487,4835024.874470076,64889376.02032142,0.005100045918203398,0.06446699832626768,0.8651916802709523
2024-07-14 20:30:00,eMBB,859152.0137042354,19364516.346805904,1108136623.5245066,0.01145536018272314,0.2581935512907454,14.775154980326755
2024-07-14 20:30:00,mMTC,6583.264003787833,58800.184703750885,260281.58705532886,8.777685338383778e-05,0.0007840024627166785,0.003470421160737718
2024-07-14 20:40:00,URLLC,0.0,2588.5317071229465,750740.4773071847,0.0,3.451375609497262e-05,0.010009873030762463
2024-07-14 20:40:00,URLLC_eMBB_MIX,332235.4953018035,5397697.348974708,11936488.298483595,0.004429806604024047,0.07196929798632944,0.1591531773131146
2024-07-14 20:40:00,eMBB,1718991.2717650316,120173303.84866366,1131304706.9958775,0.022919883623533754,1.602310717982182,15.084062759945033
2024-07-14 20:40:00,mMTC,4408.447777495319,67211.13121347016,259007.9837913483,5.8779303699937595e-05,0.0008961484161796021,0.003453439783884644
2024-07-14 20:50:00,URLLC,0.0,3828.589981771988,634370.0114932773,0.0,5.10478664236265e-05,0.008458266819910363
2024-07-14 20:50:00,URLLC_eMBB_MIX,202251.9549311526,5326431.866872678,17037587.18554871,0.002696692732415368,0.07101909155830237,0.2271678291406495
2024-07-14 20:50:00,eMBB,5002934.38751154,24474543.32161115,1004073522.9457439,0.06670579183348721,0.3263272442881487,13.387646972609918
2024-07-14 20:50:00,mMTC,2336.582718264517,53062.341615540725,239361.23755481595,3.11544362435269e-05,0.0007074978882072097,0.003191483167397546
2024-07-14 21:00:00,URLLC,0.0,5479.979412288259,750484.4147919645,0.0,7.306639216384344e-05,0.01000645886389286
2024-07-14 21:00:00,URLLC_eMBB_MIX,284052.0003397406,4867358.942373844,23556194.947012506,0.0037873600045298743,0.06489811923165126,0.3140825992935001
2024-07-14 21:00:00,eMBB,2123058.2936751074,41974886.006739974,1027971948.4632938,0.0283074439156681,0.559665146756533,13.706292646177252
2024-07-14 21:00:00,mMTC,10069.229538752948,67200.43221475327,270166.45199789933,0.0001342563938500393,0.0008960057628633768,0.0036022193599719913
2024-07-14 21:10:00,URLLC,0.0,5595.866237568278,545739.201550185,0.0,7.461154983424371e-05,0.0072765226873358
2024-07-14 21:10:00,URLLC_eMBB_MIX,315744.3494806585,5410414.675438391,191340153.572866,0.004209924659742114,0.07213886233917854,2.5512020476382133
2024-07-14 21:10:00,eMBB,551957.0701075307,135848069.9835999,1088863537.6012836,0.007359427601433743,1.8113075997813322,14.518180501350448
2024-07-14 21:10:00,mMTC,2387.3073405854607,59458.39660108643,261596.680364548,3.1830764541139475e-05,0.0007927786213478192,0.0034879557381939734
2024-07-14 21:20:00,URLLC,0.0,3657.425643676467,936726.7206390679,0.0,4.8765675249019566e-05,0.012489689608520906
2024-07-14 21:20:00,URLLC_eMBB_MIX,158198.27744715722,5508087.622597811,25311122.997312482,0.0021093103659620962,0.07344116830130415,0.33748163996416647
2024-07-14 21:20:00,eMBB,839685.9811270183,124647660.41647314,1237735648.952056,0.011195813081693578,1.661968805552975,16.503141986027412
2024-07-14 21:20:00,mMTC,3095.553866980582,49096.77828698573,250605.6396242952,4.127405155974109e-05,0.0006546237104931431,0.003341408528323936
2024-07-14 21:30:00,URLLC,0.0,3056.537250867457,658541.3768818597,0.0,4.075383001156609e-05,0.00878055169175813
2024-07-14 21:30:00,URLLC_eMBB_MIX,203686.02905354716,5661014.6255063405,511655761.2613177,0.002715813720713962,0.07548019500675121,6.822076816817568
2024-07-14 21:30:00,eMBB,1485395.7627256028,15573318.475049706,1181858592.310413,0.01980527683634137,0.20764424633399609,15.75811456413884
2024-07-14 21:30:00,mMTC,1808.033123558374,65912.74941181265,304954.5287425147,2.4107108314111652e-05,0.0008788366588241686,0.00406606038323353
2024-07-14 21:40:00,URLLC,0.0,7987.569369792794,607072.0699378052,0.0,0.00010650092493057057,0.008094294265837403
2024-07-14 21:40:00,URLLC_eMBB_MIX,248302.44478824397,5391595.419699246,53500759.205785245,0.003310699263843253,0.07188793892932328,0.7133434560771366
2024-07-14 21:40:00,eMBB,389766.9314039238,49829966.46493715,927435323.6830801,0.005196892418718984,0.6643995528658286,12.365804315774401
2024-07-14 21:40:00,mMTC,7022.361635343478,54357.196049106,253823.48239810736,9.363148847124637e-05,0.00072476261398808,0.0033843130986414313
2024-07-14 21:50:00,URLLC,0.0,3100.886325064932,443838.9415216013,0.0,4.134515100086576e-05,0.0059178525536213505
2024-07-14 21:50:00,URLLC_eMBB_MIX,203755.60452219655,5357535.993360163,20715345.70405389,0.0027167413936292875,0.07143381324480216,0.27620460938738517
2024-07-14 21:50:00,eMBB,3926736.5078172823,66468321.804799356,1063428881.0389063,0.0523564867708971,0.8862442907306581,14.179051747185419
2024-07-14 21:50:00,mMTC,5018.3893020142195,62686.79020286088,265959.2603016434,6.69118573601896e-05,0.0008358238693714784,0.003546123470688579
